Markers,Ref,Alt,Chromosome,Position
c2_41437,A,G,0,805179
c2_24258,G,A,0,1252430
c2_21332,T,C,0,3499519
c2_21320,T,G,0,3810687
c2_21318,C,T,0,3810936
c2_21314,T,C,0,3812796
c2_4430,A,G,0,5631884
c2_4437,T,C,0,5896515
c2_6674,G,A,0,7042046
c1_16362,G,A,0,8842199
c2_53375,G,A,0,9488448
c2_53376,T,G,0,9504106
c2_48820,T,G,0,11348727
c2_48821,T,C,0,11349122
c1_11008,G,A,0,12342773
c1_11013,T,C,0,12370125
c1_11023,G,T,0,12390651
c1_11025,T,C,0,12398004
c2_36941,C,T,0,12428230
c2_36942,C,T,0,12428515
c2_36951,G,A,0,12432076
c2_36952,T,A,0,12432471
c2_36957,C,T,0,12516015
c2_36993,A,G,0,12613969
c2_54301,G,C,0,13869853
c2_54306,G,A,0,13881614
c1_16011,T,C,0,13957350
c1_15241,T,C,0,17518620
c2_21313,G,A,0,18164321
c2_21331,C,G,0,18170692
c2_53180,G,A,0,18407907
c2_53177,T,C,0,18408211
c2_53176,C,T,0,18408369
c1_15331,A,G,0,21613092
c2_2334,C,T,0,23352635
c2_2332,C,T,0,23352986
c1_11239,C,T,0,31391348
c2_57678,T,C,0,31443701
c2_57676,A,G,0,31443812
c2_57484,T,C,0,32655517
c2_57587,T,C,0,32784194
c2_57588,A,G,0,32784404
c2_57589,A,G,0,32784424
c2_57591,C,T,0,32784559
c2_57592,T,G,0,32789534
c1_15694,G,A,0,34195406
c2_5791,T,G,0,36454137
c2_36608,T,G,1,251132
c2_36615,T,G,1,253077
c2_36658,G,T,1,269400
c1_10930,C,T,1,309342
c1_10915,T,C,1,481295
c2_36660,A,C,1,534626
c2_36664,T,C,1,535454
c2_36668,C,T,1,559640
c2_54797,T,C,1,817205
c1_2417,G,T,1,1838864
c2_6713,C,T,1,2068305
c2_21098,A,G,1,2589296
c2_21100,A,T,1,2591141
c1_6674,C,A,1,2822433
c2_21233,A,T,1,2956117
c2_21234,G,A,1,2956294
c1_6704,G,A,1,2957398
c2_21236,A,G,1,2958410
c1_6123,T,C,1,3296181
c1_6114,C,A,1,3693421
c1_6109,A,G,1,3716735
c2_19420,T,G,1,4013257
c2_51812,T,A,1,4258102
c2_51808,A,C,1,4258451
c2_51807,C,T,1,4258490
c2_51806,A,G,1,4262027
c2_51805,G,A,1,4262991
c2_51791,G,A,1,4309411
c2_56594,C,T,1,4686764
c2_48051,G,A,1,5079220
c2_56125,C,T,1,5291766
c2_45058,A,C,1,5347312
c1_13304,T,C,1,5380841
c2_45071,G,A,1,5386865
c1_13318,T,C,1,5431075
c2_45061,C,T,1,5498171
c2_45064,C,T,1,5502048
c1_13296,C,T,1,5523061
c2_27877,A,G,1,6071374
c2_27878,C,T,1,6071398
c2_27882,A,G,1,6071776
c2_27885,G,A,1,6071917
c1_8606,T,C,1,6143327
c2_27903,T,C,1,6295542
c2_27900,C,A,1,6303560
c2_27899,G,A,1,6303615
c2_27894,A,C,1,6340020
c2_27918,G,A,1,6587872
c2_48155,G,A,1,7165230
c2_48154,C,A,1,7165940
c2_50013,T,G,1,7447660
c2_56359,A,G,1,11742717
c1_16515,T,C,1,11769718
c2_57284,A,G,1,11774418
c2_45626,T,G,1,12000688
c2_45625,A,C,1,12000832
c2_45622,T,C,1,12005526
c2_55008,C,T,1,12994277
c2_53521,G,T,1,13266749
c2_43984,G,A,1,13369757
c1_12926,A,G,1,13545700
c2_43973,C,T,1,13546944
c1_8908,G,A,1,13655916
c2_57185,A,C,1,16912211
c2_48568,T,G,1,17370636
c1_8593,C,T,1,17664121
c2_56842,A,C,1,18925584
c2_56844,T,G,1,18925794
c1_16425,C,T,1,18927247
c1_15612,A,C,1,18998405
c1_14664,G,A,1,19663894
c1_14663,C,G,1,19663967
c2_49759,G,C,1,19666602
c2_49758,T,A,1,19667145
c2_54581,C,T,1,24708276
c2_43643,A,C,1,29180791
c1_7143,T,G,1,29676849
c2_22546,G,T,1,29679850
c1_7142,G,A,1,29683870
c2_22531,G,A,1,29684899
c2_22530,G,A,1,29685008
c2_24677,C,T,1,30837971
c2_54308,T,C,1,31088895
c1_9378,C,T,1,34098278
c1_3693,A,C,1,36413189
c2_27682,T,C,1,37067567
c2_27681,A,T,1,37067593
c1_8534,T,C,1,37070639
c1_8541,T,C,1,37276804
c1_6795,A,G,1,37683160
c2_42829,G,T,1,38478435
c2_45395,T,C,1,39529156
c2_34940,G,A,1,39931061
c1_14648,C,A,1,41947383
c1_14649,A,G,1,41947422
c2_49719,G,C,1,41947504
c2_49722,G,A,1,41948237
c2_49724,C,A,1,41949345
c2_49726,C,T,1,41949463
c1_14650,G,A,1,41959412
c2_32111,C,A,1,42197532
c2_50028,C,T,1,43180467
c2_49042,C,T,1,43330728
c1_14512,A,G,1,43409359
c1_15563,A,G,1,43581319
c1_16169,G,A,1,44194124
c1_14249,G,A,1,44696600
c1_14259,G,A,1,44700958
c1_14261,C,T,1,44702400
c2_53708,C,T,1,44890251
c2_40131,G,A,1,45751290
c2_54811,A,G,1,46270954
c1_15853,A,G,1,46315907
c1_15855,C,T,1,46323371
c2_35220,A,G,1,47299582
c2_35218,T,C,1,47299905
c1_4817,A,C,1,47761775
c2_686,A,G,1,51324358
c2_41438,A,G,1,52487732
c1_880,A,G,1,54480881
c2_55113,G,A,1,54580281
c2_2873,C,T,1,55163677
c2_55618,C,T,1,55427702
c1_14629,T,G,1,58020235
c2_2721,A,C,1,58197448
c1_805,C,T,1,58567030
c2_2653,C,T,1,58737722
c1_13430,T,C,1,59363461
c2_46522,A,C,1,59974287
c2_46521,A,T,1,59974382
c2_53347,G,A,1,60027044
c2_35518,T,C,1,60512580
c2_56267,T,C,1,60919390
c2_20798,G,A,1,60951473
c2_20799,A,G,1,60951506
c2_20803,G,A,1,60987055
c2_20888,G,A,1,61310626
c2_20895,C,A,1,61326558
c2_50903,G,A,1,61774592
c1_12118,A,G,1,62612685
c2_41335,C,T,1,62930839
c2_41336,T,C,1,62930860
c2_32359,T,C,1,63208319
c1_9679,G,A,1,63338127
c1_9676,T,C,1,63469625
c2_40954,A,C,1,63756796
c2_46195,T,C,1,64259758
c2_13653,G,A,1,65270050
c2_14467,G,A,1,65694481
c2_14468,A,G,1,65694528
c2_14470,T,G,1,65696918
c1_4706,C,T,1,65779952
c2_14487,G,C,1,65780961
c2_14489,G,A,1,65782007
c2_14492,C,T,1,65782472
c2_14493,C,A,1,65782960
c1_4745,T,G,1,66093982
c2_14580,G,A,1,66218939
c1_4748,C,T,1,66259225
c1_4752,G,A,1,66336497
c2_14608,C,A,1,66349597
c1_4757,G,T,1,66354337
c1_4763,A,G,1,66376215
c2_37575,T,C,1,66552387
c1_5145,G,A,1,66903971
c2_20569,G,A,1,67013319
c2_20500,C,T,1,67211029
c2_20502,A,T,1,67221911
c2_20505,T,C,1,67223465
c2_20506,A,G,1,67223718
c2_20507,G,A,1,67223836
c2_20513,G,A,1,67277817
c2_20517,G,A,1,67279544
c2_20521,T,C,1,67293176
c2_20522,G,T,1,67294103
c1_6501,G,A,1,67459462
c1_6518,G,A,1,67605501
c1_6521,T,G,1,67735399
c2_13766,A,G,1,67896790
c2_52492,C,T,1,67969608
c2_52484,A,G,1,68069876
c2_49476,G,A,1,68412973
c2_49451,G,A,1,68416246
c1_14044,A,G,1,68529707
c2_47313,G,A,1,68670749
c2_51055,A,C,1,68950390
c2_51057,G,A,1,68950624
c2_39834,C,T,1,69381132
c2_17592,C,A,1,69809843
c2_17530,A,T,1,69918804
c2_17537,A,G,1,70097516
c2_17539,A,G,1,70223686
c1_15580,A,G,1,70341095
c2_53380,C,G,1,70371898
c2_17193,G,A,1,70472380
c2_17192,A,G,1,70472766
c2_17191,C,T,1,70474651
c1_5656,G,A,1,70562984
c1_5653,C,T,1,70697501
c1_3844,C,T,1,71088529
c2_12076,G,T,1,71090764
c1_3867,T,C,1,71239398
c1_3868,A,C,1,71239659
c1_3894,T,C,1,71421420
c1_3895,T,C,1,71444070
c2_12124,T,A,1,71450067
c2_12125,A,T,1,71450400
c2_12126,A,G,1,71450692
c2_12216,A,C,1,72051529
c2_12217,A,T,1,72051556
c1_3848,T,G,1,72108318
c1_3850,A,G,1,72111134
c1_3851,C,T,1,72111964
c1_3852,A,G,1,72111974
c1_9573,G,T,1,72504467
c2_31820,G,A,1,72528571
c2_31821,G,T,1,72531363
c1_9583,G,A,1,72540500
c1_9587,G,A,1,72540975
c1_6294,A,G,1,73340313
c1_14089,C,A,1,73706321
c1_4604,T,C,1,74257861
c1_4617,G,A,1,74355334
c2_14366,C,A,1,74688218
c1_4666,C,T,1,74741574
c1_14931,A,G,1,75007219
c1_5254,T,C,1,75045959
c1_5281,C,T,1,75442012
c1_5286,A,C,1,75477670
c2_16424,C,T,1,75478358
c2_16425,C,T,1,75485176
c2_16426,T,G,1,75485233
c2_16466,A,G,1,75748919
c1_16435,C,T,1,76304506
c1_594,G,A,1,76480694
c2_2307,A,G,1,76486675
c1_641,C,A,1,76511247
c1_683,A,G,1,76615839
c2_2421,A,C,1,76957665
c2_2423,A,G,1,76958577
c2_2424,G,A,1,76960016
c2_2463,A,G,1,77190763
c2_2464,A,G,1,77190791
c2_2466,T,G,1,77191350
c1_711,G,A,1,77207561
c2_2505,G,A,1,77350877
c2_2506,G,A,1,77351069
c2_2508,T,C,1,77353150
c1_758,G,A,1,77526828
c2_2571,C,T,1,77596089
c2_2201,T,C,1,77738822
c1_601,T,C,1,78168130
c2_2354,G,A,1,78430645
c2_2384,C,A,1,78663168
c2_50486,A,G,1,78756700
c2_50485,A,T,1,78756913
c2_50483,A,C,1,78757227
c1_15872,T,C,1,78928270
c1_2459,T,C,1,79083994
c1_2484,A,C,1,79157411
c2_7094,G,A,1,79186993
c2_7193,G,A,1,79391898
c2_7208,A,G,1,79456101
c1_2519,C,T,1,79487269
c2_7241,A,G,1,79678700
c2_7242,T,C,1,79678961
c2_7246,G,A,1,79679819
c2_7328,A,G,1,79955869
c2_6990,A,G,1,80077322
c1_2458,C,A,1,80121257
c2_7053,T,C,1,80228612
c1_1847,A,G,1,80524241
c2_5091,T,C,1,80559077
c1_1838,A,G,1,80560392
c2_5078,T,A,1,80591939
c2_5076,C,G,1,80598198
c2_5039,A,C,1,80669302
c2_9726,A,G,1,80833655
c2_9722,G,A,1,80835981
c1_3221,G,T,1,80850965
c2_9988,A,G,1,81013179
c2_9925,A,G,1,81410256
c2_9908,T,C,1,81464383
c2_9892,T,C,1,81567297
c2_9864,T,C,1,81615781
c1_3273,A,C,1,81750832
c1_3255,G,A,1,81795435
c1_3234,T,C,1,81927446
c1_15123,G,A,1,82424459
c2_4896,G,T,1,82629061
c1_1638,G,A,1,82935946
c1_1645,G,A,1,82954172
c1_1653,C,T,1,83012088
c2_4844,G,T,1,83060566
c2_4845,G,A,1,83060620
c2_4860,G,A,1,83130290
c2_4864,A,G,1,83138255
c2_4875,C,T,1,83177518
c2_4898,A,G,1,83283673
c2_4904,G,A,1,83416455
c2_4907,A,G,1,83418674
c2_4908,G,C,1,83419031
c2_4909,A,G,1,83419073
c2_4910,C,A,1,83419440
c2_4920,T,C,1,83488954
c1_1737,C,T,1,83602369
c2_4614,T,C,1,83843357
c2_4702,C,A,1,84208108
c2_4707,G,A,1,84214331
c2_4708,C,T,1,84214593
c2_4709,G,A,1,84214632
c2_4713,A,G,1,84217773
c2_4715,A,G,1,84219154
c2_36571,C,T,1,84398766
c2_36577,A,G,1,84401586
c2_36495,C,T,1,84457106
c2_34548,A,C,1,84727196
c2_34547,T,C,1,84727244
c2_34546,T,C,1,84728052
c1_10354,A,T,1,84979169
c1_22,C,T,1,85243930
c2_46455,G,A,1,85545111
c2_46448,G,A,1,85760205
c2_53077,C,T,1,85897859
c2_53075,A,C,1,85902599
c2_53068,T,C,1,85916184
c2_42943,A,G,1,85953453
c2_49925,T,C,1,86088641
c2_49918,T,C,1,86090282
c2_49917,A,C,1,86090388
c2_49910,T,C,1,86095990
c2_49897,G,A,1,86164613
c2_14839,G,A,1,86328884
c2_14704,A,G,1,86355044
c2_14708,G,T,1,86356334
c2_14709,A,T,1,86356478
c1_4796,A,G,1,86387941
c2_14730,A,T,1,86441457
c2_14731,G,A,1,86442644
c2_14733,T,C,1,86527570
c2_14741,A,C,1,86602967
c1_4799,G,A,1,86663670
c2_14762,G,A,1,86750499
c2_14764,T,C,1,86847564
c2_14767,A,T,1,86848639
c2_14779,C,T,1,86887703
c1_4803,T,G,1,86942383
c2_14827,C,T,1,87096729
c2_14838,C,T,1,87161066
c2_14840,G,A,1,87161681
c2_14843,G,C,1,87180917
c2_14848,C,T,1,87196723
c2_14903,C,T,1,87322718
c2_37820,C,T,1,87463611
c2_37794,C,T,1,87600773
c1_11308,T,C,1,87663628
c2_37850,A,G,1,87731694
c2_37816,G,A,1,87746117
c1_11290,G,A,1,87749782
c1_9428,A,G,1,87944567
c1_9430,A,G,1,87965133
c2_31041,T,A,1,87973310
c2_31042,T,C,1,87982085
c2_22105,A,C,1,88057276
c2_56309,C,T,1,88173638
c1_9413,T,C,1,88294149
c1_9411,C,T,1,88294281
c2_30973,A,C,1,88322772
c2_30961,C,T,1,88389559
c1_9397,A,G,1,88409494
c1_9392,A,G,1,88434918
c2_30960,T,A,1,88451543
c2_30958,G,T,1,88451745
c2_30957,A,G,1,88451789
c2_30956,G,A,1,88451932
c2_30955,G,A,1,88452136
c1_9386,A,C,1,88471573
c2_31066,A,G,1,88535784
c1_9385,C,T,1,88583876
c2_4372,A,G,2,4194794
c2_4354,C,T,2,5159301
c2_4358,G,A,2,5355128
c2_48725,G,A,2,5510774
c2_48734,T,C,2,5552574
c1_3750,T,C,2,6090074
c1_3746,C,T,2,7050595
c1_3747,G,A,2,7050714
c2_32262,G,A,2,7426870
c1_1539,G,T,2,7830631
c2_4505,T,C,2,8202528
c2_14690,G,T,2,8398866
c2_14648,T,G,2,8799527
c1_4792,C,T,2,8802885
c1_15873,A,C,2,9296652
c2_54579,G,T,2,9299863
c1_4789,C,T,2,9329409
c2_46464,A,G,2,9766840
c2_785,T,C,2,11020073
c2_765,A,G,2,11867942
c2_736,A,C,2,12188316
c2_735,G,A,2,12188474
c2_730,C,T,2,12188989
c2_811,C,A,2,12644320
c2_796,A,G,2,12949299
c2_805,A,G,2,13566944
c2_803,C,T,2,13572207
c2_32244,A,G,2,13688306
c2_32253,A,C,2,13697423
c2_32254,C,T,2,13697523
c2_32257,A,G,2,13803194
c2_16350,T,C,2,14356716
c2_16362,G,A,2,15157259
c1_12296,G,T,2,15287033
c2_41874,T,G,2,15518745
c2_30950,C,A,2,15758653
c2_47096,C,T,2,16846746
c2_2943,T,C,2,17206059
c2_41124,G,A,2,17834472
c1_15975,G,A,2,18499853
c1_15973,C,T,2,18501382
c1_9120,A,C,2,18883765
c2_30160,T,C,2,19538764
c2_30162,A,G,2,19538859
c2_30164,T,C,2,19580609
c2_30171,A,G,2,19605917
c2_47765,A,G,2,19874372
c2_47760,C,T,2,20034673
c2_17387,A,C,2,20193466
c1_5732,A,G,2,20476838
c2_17415,C,T,2,20497672
c2_17424,A,G,2,20681182
c2_17428,A,T,2,20681320
c1_5750,G,A,2,20767146
c2_40336,A,G,2,21205475
c1_16286,G,T,2,21518196
c1_11344,G,A,2,21725617
c2_38022,A,G,2,22006899
c2_32400,A,C,2,22419484
c2_32406,A,G,2,22501415
c1_9695,C,A,2,22600527
c2_32413,T,C,2,22601132
c2_32421,G,A,2,22621454
c2_50878,T,G,2,22849535
c2_39671,C,T,2,23504101
c2_39677,G,A,2,23550242
c1_11124,A,G,2,23690363
c2_37254,C,T,2,23798841
c1_11123,C,T,2,23799665
c1_11121,T,C,2,23799708
c1_11120,C,T,2,23799767
c2_37249,C,T,2,23800361
c2_33996,G,A,2,24149038
c2_53818,C,T,2,24744980
c1_15404,G,A,2,24858189
c2_21752,C,T,2,25050263
c2_21746,G,T,2,25072603
c2_21736,C,T,2,25297887
c2_21721,C,A,2,25322287
c2_21717,T,C,2,25423284
c2_21745,T,C,2,25726378
c1_11502,C,T,2,25934916
c1_11498,G,A,2,25936087
c1_11491,G,A,2,26158341
c2_38721,A,G,2,26199529
c1_9356,G,A,2,26744045
c1_9363,T,C,2,26771646
c2_56640,G,A,2,26939177
c2_45307,C,T,2,27086672
c2_45310,C,T,2,27088040
c2_45311,A,T,2,27088240
c2_45322,A,G,2,27099641
c2_45323,G,A,2,27099743
c1_13459,A,G,2,27143975
c1_13465,A,G,2,27190087
c1_12339,G,A,2,27411239
c1_12354,G,A,2,27419948
c1_12305,C,T,2,27459050
c1_12330,G,A,2,27618698
c2_42059,A,G,2,27676733
c2_38939,A,G,2,27856921
c2_38936,A,T,2,27860001
c1_11556,A,C,2,28040094
c1_15213,C,T,2,28147347
c2_38952,C,T,2,28230212
c1_13769,C,T,2,28505685
c1_5091,A,G,2,28831038
c2_48239,C,T,2,29093511
c2_48237,G,C,2,29093850
c1_14281,T,C,2,29135913
c1_14280,C,A,2,29135932
c1_14293,A,G,2,29163404
c2_39155,T,G,2,29312995
c2_39135,T,G,2,29416166
c2_51113,T,C,2,29665074
c2_534,A,G,2,29861092
c2_46903,T,C,2,29922614
c2_46904,A,G,2,29922863
c2_46905,G,A,2,29922906
c2_46906,A,C,2,29922924
c2_46907,T,C,2,29925751
c1_13929,A,G,2,29929027
c2_46908,A,C,2,29929772
c1_13911,C,T,2,30022358
c2_46885,G,A,2,30044642
c2_46887,A,C,2,30044782
c2_46898,C,G,2,30147347
c1_7469,G,A,2,30364307
c1_7412,C,A,2,30401430
c1_7430,C,A,2,30480670
c2_23139,A,G,2,30534382
c2_23170,T,A,2,30785663
c2_23188,G,A,2,31021346
c2_23192,A,G,2,31060140
c2_41533,G,A,2,31350143
c2_41534,C,A,2,31571293
c2_41541,T,C,2,31590970
c1_13233,G,A,2,31714404
c1_11596,G,A,2,32042979
c2_39191,G,T,2,32084808
c2_39178,G,A,2,32148414
c2_39175,C,T,2,32166954
c1_11581,C,T,2,32220107
c1_13887,C,T,2,32451482
c2_44788,G,T,2,32611745
c2_44774,T,C,2,32668601
c1_13186,A,G,2,32669674
c1_13187,A,G,2,32669719
c2_44777,A,G,2,32670900
c2_44778,A,G,2,32671197
c2_44779,G,A,2,32671241
c2_44768,T,C,2,32806337
c2_44769,T,C,2,32820618
c2_44770,G,A,2,32822982
c2_13051,A,C,2,33076297
c2_13035,A,G,2,33106169
c1_15178,A,G,2,33276009
c2_52011,G,A,2,33339084
c2_51985,A,G,2,33352128
c2_51986,T,C,2,33352248
c2_51990,T,G,2,33357550
c2_48784,A,G,2,33668270
c1_14419,T,C,2,33798618
c2_47037,A,G,2,33978983
c1_12264,G,A,2,34171906
c1_12257,C,T,2,34211649
c2_33141,G,T,2,34594639
c2_33108,C,T,2,34739125
c1_11892,T,C,2,34928666
c2_40155,T,C,2,35112246
c2_40167,G,A,2,35183791
c2_55199,T,C,2,35523028
c2_50394,G,A,2,35549497
c2_50412,T,C,2,35600642
c2_17938,C,A,2,36364447
c2_17937,T,G,2,36364535
c2_17935,A,G,2,36364709
c2_17933,T,G,2,36364840
c2_17932,G,A,2,36364867
c2_17930,C,A,2,36365001
c2_17928,C,A,2,36365289
c2_17927,A,G,2,36365433
c2_17926,G,T,2,36365601
c2_17925,G,C,2,36365652
c2_17921,T,G,2,36375306
c2_17901,T,A,2,36455029
c2_17900,T,C,2,36455167
c2_17899,A,G,2,36455254
c2_17898,G,A,2,36455503
c2_17897,C,T,2,36455671
c2_17896,C,T,2,36455707
c2_17895,T,G,2,36455917
c2_17858,A,G,2,36599213
c2_17816,G,A,2,36728587
c2_17809,T,C,2,36799197
c1_5881,C,A,2,36868741
c2_49495,C,T,2,37017928
c1_12377,G,A,2,37341815
c2_42244,T,C,2,37369714
c2_42169,T,G,2,37438491
c1_16170,C,T,2,37474663
c1_16171,T,C,2,37474969
c1_12373,A,G,2,37530501
c1_12375,T,C,2,37530951
c1_12382,A,C,2,37654538
c2_42241,C,T,2,37676152
c1_10494,G,A,2,37846065
c1_10493,A,C,2,37890365
c1_10492,C,T,2,37890658
c2_35165,C,T,2,37982843
c1_10496,T,C,2,38189801
c2_35147,T,C,2,38230143
c1_15466,G,A,2,38386350
c1_16250,C,T,2,38619974
c2_40610,T,C,2,38654150
c2_53036,G,A,2,38688295
c1_15481,A,T,2,38689941
c1_11972,T,C,2,39062507
c2_40636,A,G,2,39073567
c2_42132,A,C,2,39144889
c2_42133,A,G,2,39144899
c2_25766,T,C,2,39593338
c1_8091,A,G,2,39718023
c1_8118,A,G,2,39940755
c2_25896,T,A,2,40132479
c2_25897,C,T,2,40132605
c1_7964,A,G,2,40295082
c2_7501,A,C,2,40989011
c2_7529,G,A,2,41088098
c2_7556,A,C,2,41356967
c2_7557,A,G,2,41356974
c2_7560,C,A,2,41359045
c2_7565,A,G,2,41368249
c2_7631,A,G,2,41637553
c1_2630,A,G,2,41745189
c1_2640,C,T,2,41814861
c1_2656,A,G,2,41911252
c1_2660,G,A,2,41911562
c1_2661,T,C,2,41911640
c1_2574,A,G,2,42014714
c2_7401,A,C,2,42082955
c2_7422,A,G,2,42178510
c2_7423,A,G,2,42178564
c2_7424,A,T,2,42178921
c1_2587,T,C,2,42179952
c2_7426,T,C,2,42180125
c1_16542,C,A,2,42320744
c1_15746,T,C,2,42346319
c2_22939,A,G,2,42474431
c1_7346,C,T,2,42597150
c1_7342,A,G,2,42645671
c1_7341,C,A,2,42657363
c2_22890,T,C,2,42663931
c2_22853,A,C,2,42733475
c1_7325,G,A,2,42764457
c2_27372,T,C,2,44159208
c2_27268,A,T,2,44458190
c2_27270,G,A,2,44458261
c2_27271,A,C,2,44458744
c1_8490,C,T,2,44698431
c2_43352,A,C,2,44773069
c2_43350,T,C,2,44773246
c1_12771,G,A,2,44810486
c1_12509,T,C,2,45147257
c2_42570,G,A,2,45147540
c1_12508,G,A,2,45148084
c2_15021,C,T,2,45618817
c1_4849,T,C,2,45619058
c1_4850,C,T,2,45619076
c2_15040,G,A,2,45649739
c2_15048,A,G,2,45653058
c2_15065,A,G,2,45694416
c1_4859,G,A,2,45695417
c1_4860,C,A,2,45695531
c2_15066,G,C,2,45695537
c2_15067,A,T,2,45695588
c2_15068,T,A,2,45695644
c1_4862,C,T,2,45695666
c2_15070,G,A,2,45695772
c1_4873,G,A,2,45744472
c1_4885,A,G,2,45788038
c1_7876,C,T,2,46190640
c1_7873,A,C,2,46195190
c1_7871,C,T,2,46195322
c1_7870,C,T,2,46195346
c1_7834,G,A,2,46384291
c2_24869,G,A,2,46387242
c2_47227,C,A,2,46986482
c2_47163,C,T,2,47119850
c2_47200,C,A,2,47137763
c2_47202,T,A,2,47142731
c1_10607,G,T,2,47182735
c1_10593,A,G,2,47302372
c2_35686,C,T,2,47324048
c2_35687,G,A,2,47324196
c2_35689,T,C,2,47324246
c2_35690,G,A,2,47324335
c2_35691,G,A,2,47324387
c2_35692,T,C,2,47325169
c2_35693,T,C,2,47325275
c2_35695,T,C,2,47325502
c2_35697,G,A,2,47325613
c2_35698,G,A,2,47326485
c2_35699,C,T,2,47326597
c2_35701,C,T,2,47327434
c1_11458,G,T,2,47625735
c1_11459,G,T,2,47625747
c2_38552,T,C,2,47627484
c2_38555,A,G,2,47627703
c1_5920,G,A,2,47808850
c1_5909,C,T,2,47995095
c1_5908,A,G,2,47995191
c1_5895,C,T,2,48564909
c2_36264,A,G,3,366332
c2_36232,G,T,3,419098
c2_36231,T,G,3,419123
c1_12821,A,G,3,859369
c1_12825,A,G,3,872029
c2_51389,A,G,3,983008
c2_54286,G,A,3,1267563
c2_54290,C,T,3,1272794
c1_15782,G,A,3,1276837
c1_15783,A,G,3,1276863
c2_52800,G,A,3,1536781
c2_52806,G,A,3,1541622
c2_52809,G,A,3,1575045
c2_52811,C,T,3,1580212
c2_52813,T,C,3,1611409
c2_52815,A,G,3,1612323
c2_17218,C,T,3,1954563
c2_17279,T,C,3,2357814
c1_15839,A,G,3,2390429
c1_14813,C,T,3,2565354
c2_16682,T,C,3,3014439
c2_16680,A,G,3,3014625
c2_16679,G,A,3,3014691
c2_16677,A,C,3,3014826
c2_16676,T,A,3,3014973
c2_16675,T,G,3,3015066
c2_16567,T,C,3,3673234
c1_5365,C,T,3,3779370
c1_13059,G,A,3,4234685
c1_12182,T,C,3,4446760
c2_52467,C,A,3,4670814
c1_8970,A,G,3,5430309
c1_8969,G,A,3,5430320
c1_8968,A,G,3,5430430
c2_29441,G,A,3,5580430
c2_50637,T,C,3,5764659
c2_5269,A,G,3,7104975
c2_5267,G,T,3,7105399
c2_5256,A,C,3,7217277
c2_5239,T,G,3,7288799
c2_5235,G,A,3,7289647
c2_5227,G,A,3,7337024
c2_5226,G,A,3,7337144
c1_1918,C,T,3,7599703
c1_1914,T,C,3,7824125
c1_1908,A,G,3,8219311
c2_5289,G,A,3,8263418
c2_5287,A,G,3,8564101
c2_5286,A,G,3,8564142
c2_38515,A,G,3,9163294
c2_54530,T,C,3,9358570
c1_15204,T,C,3,9603835
c2_5732,A,G,3,9971288
c2_5742,A,G,3,10383457
c1_2051,A,G,3,10654105
c2_5736,G,A,3,11287783
c1_11979,T,C,3,12886399
c1_10555,C,A,3,13393873
c2_35563,T,C,3,13505833
c2_35552,A,G,3,13584242
c2_35572,C,T,3,13716066
c1_16052,C,T,3,13830637
c1_11196,A,G,3,13872519
c1_11202,C,A,3,13929679
c2_37431,C,T,3,14203339
c1_15829,T,C,3,14646478
c1_3346,G,T,3,15243506
c1_3347,A,G,3,16008414
c1_10725,A,G,3,16833849
c1_10738,T,C,3,16913527
c2_36017,C,G,3,16988929
c2_36018,A,G,3,17013558
c1_16267,A,G,3,17239217
c2_664,G,A,3,17336653
c2_662,A,G,3,17668007
c2_661,T,A,3,17668275
c2_657,T,C,3,17668710
c2_649,C,T,3,18052893
c2_648,A,G,3,18052994
c2_646,G,A,3,18855669
c2_644,C,T,3,18972218
c1_167,T,C,3,19813675
c2_634,C,T,3,19893461
c1_156,C,T,3,20183296
c1_200,C,T,3,20614716
c1_197,A,C,3,20633625
c1_456,G,A,3,22177581
c2_11253,G,A,3,22658606
c1_3647,T,G,3,22782440
c2_11271,A,G,3,22942945
c1_3663,A,G,3,22982620
c2_11269,A,G,3,23155488
c2_11260,G,A,3,23462197
c1_8681,A,G,3,25147073
c2_14424,G,A,3,25742118
c1_4680,G,NA,3,25746032
c1_476,T,C,3,27868119
c1_4779,A,G,3,31023949
c1_4778,C,A,3,31023966
c1_4777,C,T,3,31056089
c1_4776,A,G,3,31056337
c1_4775,G,A,3,31056417
c2_41163,C,T,3,31745504
c1_13652,G,A,3,32080786
c2_41056,A,G,3,32828579
c2_41055,T,G,3,32856641
c2_41071,C,T,3,32950171
c2_51096,G,A,3,33393461
c1_14973,C,T,3,33464174
c1_14975,G,A,3,33475318
c2_56635,T,C,3,33495019
c1_16381,A,G,3,33496751
c2_43270,G,A,3,34350488
c2_43267,G,A,3,34373409
c2_43261,A,C,3,34432175
c1_12745,C,T,3,34492320
c2_43255,C,T,3,34493007
c2_43252,A,C,3,34493699
c2_35358,A,G,3,35991675
c2_35354,C,G,3,36000658
c1_15925,C,A,3,36151152
c1_15926,G,A,3,36151220
c2_54687,A,G,3,36152649
c2_30741,T,C,3,36334363
c2_30730,A,G,3,36484535
c1_9268,C,T,3,36658149
c2_49976,G,A,3,37167370
c2_52495,T,C,3,37489792
c1_15342,C,T,3,37493452
c2_52494,A,G,3,37495967
c2_36469,C,A,3,38175099
c1_11350,C,T,3,38435099
c2_38047,A,G,3,38662974
c2_38058,A,C,3,38756280
c2_48381,T,C,3,39198462
c2_48378,A,C,3,39198646
c2_48371,C,T,3,39255236
c2_48370,G,A,3,39255317
c2_48369,T,A,3,39257162
c2_48368,T,C,3,39257271
c2_48365,A,G,3,39257459
c2_48364,A,G,3,39257577
c2_48359,T,C,3,39259070
c2_48389,T,A,3,39312775
c2_48386,G,A,3,39314332
c1_16679,A,G,3,40197844
c2_37982,T,C,3,40248445
c2_37988,G,A,3,40261626
c2_42306,C,A,3,41324382
c2_42312,G,A,3,41530089
c1_7882,T,C,3,41651732
c2_57354,A,G,3,41779526
c1_6869,G,A,3,41992129
c1_6875,A,G,3,41994529
c1_6853,T,G,3,42154551
c1_9144,G,A,3,42734504
c1_9153,G,A,3,42943917
c1_9161,A,G,3,43024161
c2_46592,A,G,3,43224595
c2_45698,T,C,3,43326301
c2_45699,A,G,3,43326576
c2_45701,T,A,3,43326802
c2_45702,T,C,3,43326959
c2_45703,T,C,3,43326982
c2_46575,C,T,3,43390870
c2_46605,A,G,3,43497910
c2_46603,G,A,3,43498325
c1_4444,T,C,3,43602976
c2_13821,G,A,3,43631694
c2_13825,G,A,3,43632258
c2_17581,G,A,3,44090353
c2_17567,C,T,3,44109037
c2_20347,A,G,3,44336061
c1_16094,C,T,3,44510670
c2_55471,T,C,3,44512686
c2_55465,C,T,3,44517478
c1_6352,T,C,3,44751875
c1_6355,T,C,3,44752567
c2_20333,T,C,3,44828352
c1_6398,G,A,3,45002749
c1_6411,G,A,3,45061263
c2_55276,G,A,3,45385967
c2_55277,G,A,3,45385984
c2_55280,A,G,3,45386311
c2_55283,G,A,3,45388663
c2_55284,A,G,3,45388822
c2_55285,C,A,3,45388939
c1_8069,C,T,3,45478753
c2_25653,T,C,3,45603698
c1_8059,T,C,3,45686390
c1_8058,G,A,3,45686495
c1_8036,A,G,3,45805462
c2_25560,C,A,3,45904981
c2_25662,G,T,3,45979293
c2_2138,T,G,3,46265431
c2_57860,C,A,3,46423001
c2_57863,G,A,3,46423284
c2_57865,G,A,3,46423346
c1_3638,G,A,3,46475259
c1_3637,T,G,3,46475610
c2_11211,T,C,3,46528226
c1_9014,A,C,3,47073242
c2_29645,G,T,3,47075795
c2_54785,G,T,3,47137231
c1_8998,G,T,3,47331243
c2_53699,A,G,3,48017163
c2_55072,C,T,3,48087983
c2_20069,A,C,3,48471111
c2_20097,G,A,3,48539766
c2_20113,G,A,3,48729670
c2_20117,T,C,3,48737479
c1_6308,A,G,3,48746307
c2_20124,C,T,3,48747525
c2_20129,C,T,3,48762278
c1_6318,G,A,3,48856757
c2_20164,A,G,3,48882551
c2_20170,C,T,3,48911771
c2_20175,G,T,3,48939759
c2_20176,A,G,3,48939821
c2_20178,T,A,3,48943709
c2_20179,T,C,3,48943944
c2_20227,A,G,3,49231930
c1_6332,A,G,3,49245954
c2_20259,G,A,3,49317882
c2_20274,G,T,3,49358697
c2_58296,G,A,3,50294881
c2_1616,T,C,3,50350319
c2_1579,T,G,3,50455611
c2_1567,A,G,3,50490035
c1_378,A,G,3,50686715
c2_1533,T,C,3,50688268
c2_1835,C,A,3,51091650
c2_1725,C,T,3,51404183
c2_1724,G,T,3,51404231
c2_1719,T,A,3,51404549
c2_1718,G,A,3,51404622
c2_1717,C,T,3,51404699
c1_398,A,C,3,51601574
c2_1844,T,C,3,51723928
c2_47583,A,G,3,51936288
c2_47510,C,T,3,51972224
c1_4509,G,T,3,52406533
c1_4542,A,G,3,52584809
c2_14064,G,A,3,52657949
c2_14155,C,A,3,52909720
c1_4576,A,G,3,53162415
c1_4577,G,A,3,53162686
c2_14258,G,A,3,53203226
c2_17643,T,G,3,53228698
c2_55882,G,A,3,53272697
c2_17631,T,C,3,53309062
c2_57256,G,A,3,53434069
c2_57257,T,G,3,53434144
c1_16513,A,G,3,53436559
c1_5796,C,T,3,53526715
c2_17737,G,A,3,53747981
c2_47843,C,T,3,54141894
c1_7132,T,C,3,54314873
c1_7077,A,G,3,54369037
c1_7078,C,T,3,54369094
c1_7082,C,T,3,54373785
c1_7112,G,A,3,54582101
c1_7115,C,T,3,54657023
c2_18459,C,T,3,55067483
c2_18268,C,G,3,55234591
c2_18272,C,T,3,55234798
c2_18273,G,A,3,55235957
c1_5955,A,C,3,55642414
c1_5956,C,T,3,55642455
c2_18428,C,T,3,55645038
c2_18463,G,A,3,55816412
c2_18502,G,A,3,55910650
c2_18504,G,A,3,55910974
c2_18505,C,T,3,55911154
c2_18506,A,G,3,55911538
c2_18507,T,G,3,55911715
c2_53258,T,G,3,55985522
c1_15547,G,A,3,55999347
c1_8203,T,C,3,56420552
c2_26454,G,A,3,56440455
c2_26417,G,A,3,56573127
c2_26402,T,C,3,56604264
c2_26382,C,T,3,56661756
c1_110,T,C,3,57295958
c2_422,A,C,3,57311835
c2_400,C,G,3,57405135
c1_108,A,T,3,57407195
c2_394,T,C,3,57407502
c2_392,G,A,3,57407570
c2_391,T,C,3,57407696
c2_390,G,A,3,57407744
c2_387,T,G,3,57407879
c2_324,G,A,3,57569155
c2_323,G,A,3,57569521
c2_322,A,G,3,57569599
c2_308,G,A,3,57601387
c2_245,C,T,3,57875508
c2_185,C,T,3,58106851
c2_149,A,G,3,58286131
c2_133,A,C,3,58322172
c1_36,G,A,3,58609796
c2_86,T,C,3,58611092
c1_151,A,G,3,58944486
c2_164,G,A,3,59574996
c2_578,G,A,3,59769294
c1_3190,T,G,3,59982671
c2_9497,G,A,3,60937507
c2_9498,C,T,3,60937578
c2_9531,T,C,3,61035987
c2_37136,T,C,3,61796934
c2_37123,G,A,3,61870684
c1_7574,A,C,4,117620
c2_23596,G,A,4,641790
c2_23600,C,T,4,656192
c2_23602,T,C,4,656465
c1_7568,C,T,4,659638
c1_7571,C,T,4,663858
c2_23611,T,C,4,745614
c2_54382,A,G,4,857113
c2_39322,A,G,4,1502121
c2_39282,A,G,4,1633476
c1_11626,A,G,4,1821002
c2_46653,G,A,4,1985582
c2_31688,A,G,4,3816447
c2_31712,G,T,4,3872265
c2_31719,G,A,4,3903824
c2_31720,C,T,4,3903850
c1_9546,G,A,4,3905183
c1_6898,C,T,4,4586164
c2_21937,C,T,4,4587018
c2_21934,T,C,4,4606550
c2_21915,A,G,4,4821112
c2_21896,A,G,4,4903359
c2_21842,G,A,4,5046865
c2_21914,T,C,4,5192938
c2_21858,A,G,4,5205905
c1_16079,A,G,4,5435822
c2_51637,T,C,4,5488531
c2_51641,A,G,4,5489011
c1_15106,T,C,4,5513361
c2_51647,G,A,4,5521580
c2_11569,A,G,4,6210370
c2_11564,G,A,4,6297654
c2_11534,G,A,4,6614553
c1_3707,G,A,4,6717567
c2_11488,C,T,4,6958789
c2_11479,A,G,4,6978730
c2_11432,C,T,4,7099708
c2_11425,C,T,4,7122790
c2_11516,C,T,4,7368483
c2_48873,C,G,4,7521115
c2_48871,C,T,4,7524216
c2_48866,C,T,4,7546310
c2_48861,T,C,4,7547910
c1_11722,C,T,4,7966312
c1_11709,T,C,4,8016002
c1_11710,A,G,4,8016032
c2_39624,G,T,4,8060573
c2_39590,C,A,4,8176305
c2_39593,A,G,4,8209896
c2_39597,G,A,4,8218478
c2_47320,A,C,4,8413993
c1_8353,C,A,4,9203540
c1_8341,C,T,4,9262447
c2_26771,C,T,4,9276117
c2_26773,C,T,4,9276426
c2_26790,C,G,4,9520486
c2_26791,G,A,4,9521322
c1_8347,G,T,4,9523778
c1_8348,T,C,4,9523808
c2_26793,A,C,4,9524196
c2_26796,T,C,4,9524541
c2_26800,C,T,4,9525295
c2_26801,A,G,4,9525367
c2_26811,G,T,4,9588125
c2_26812,T,A,4,9590925
c2_26814,G,A,4,9592552
c2_26842,A,G,4,9747341
c2_26843,A,G,4,9747383
c2_26858,G,T,4,9810489
c2_53779,A,G,4,9941686
c2_44609,C,T,4,10132935
c2_44620,T,C,4,10138395
c1_16258,C,T,4,10390793
c2_31403,A,G,4,10567963
c2_54077,C,T,4,10968547
c2_54083,G,A,4,10969111
c2_54090,G,A,4,10993507
c2_51176,G,A,4,11654120
c2_51549,C,A,4,12313706
c1_15085,C,T,4,12328283
c2_51559,G,A,4,12333216
c2_56253,A,C,4,12425752
c2_56255,C,A,4,12425807
c2_56256,T,A,4,12425864
c2_56258,C,A,4,12428301
c2_49847,G,C,4,13556151
c2_21637,T,C,4,13863939
c1_6815,A,G,4,13865780
c1_6808,G,A,4,14350836
c2_29468,T,C,4,14695720
c1_8982,A,C,4,14749556
c2_14930,T,C,4,19581827
c2_56052,A,G,4,19953880
c1_11406,T,G,4,21441241
c2_38247,A,G,4,21441266
c2_38246,C,T,4,21441327
c2_38243,A,G,4,21716528
c2_18225,C,T,4,22839538
c2_18223,G,A,4,22839744
c2_18221,T,C,4,23107795
c2_54709,T,G,4,23511256
c2_48074,G,A,4,25021008
c2_39961,G,A,4,25357073
c2_38379,C,A,4,28152088
c2_32904,T,C,4,29010157
c1_9839,C,A,4,29012970
c2_31359,T,C,4,31162231
c1_9477,A,G,4,31226172
c2_11101,A,C,4,31876491
c1_3436,T,C,4,32229561
c1_3443,T,C,4,32779431
c2_10443,A,G,4,33160548
c2_57338,T,C,4,33265976
c1_14569,G,A,4,33473330
c2_37598,G,A,4,34826074
c2_37596,A,G,4,34826609
c2_41106,G,T,4,35757952
c1_8367,G,A,4,37632125
c1_8368,T,C,4,37632181
c2_44554,G,A,4,38080947
c2_26884,A,G,4,38495988
c2_47244,A,G,4,41061674
c1_14038,A,G,4,41063555
c1_14039,C,T,4,41063770
c2_49995,T,C,4,42033246
c1_6127,A,G,4,42083066
c1_6126,C,T,4,42084637
c1_9111,T,G,4,42972233
c2_53248,G,A,4,45356695
c2_43229,C,A,4,45581120
c2_54605,T,C,4,45916672
c2_56758,T,C,4,46394596
c1_3310,A,G,4,46475710
c1_3319,C,A,4,46805479
c1_3316,C,A,4,47323192
c1_2681,A,G,4,48003427
c1_5209,G,A,4,48610397
c2_16720,C,T,4,48815596
c2_16722,C,A,4,48815750
c2_16712,T,C,4,48922939
c2_16744,C,T,4,49474555
c2_48814,G,T,4,50193422
c2_48817,G,A,4,50241640
c2_48818,A,G,4,50242180
c1_16534,T,G,4,50439613
c2_39856,C,T,4,50676447
c2_39847,T,C,4,50884547
c2_39848,T,G,4,50884571
c1_11791,T,C,4,50922404
c1_13396,A,G,4,51021590
c1_6036,T,G,4,51343345
c2_19001,A,C,4,51407692
c1_6037,C,T,4,51603036
c1_15760,G,A,4,52037629
c2_56238,G,A,4,52463182
c2_1508,T,C,4,52513480
c2_48694,G,A,4,52890220
c2_48691,C,T,4,52949494
c2_48692,G,A,4,52949504
c2_48693,T,C,4,52951523
c1_14397,G,C,4,52955196
c2_53566,G,A,4,53071653
c2_45035,T,C,4,53671782
c2_45123,G,T,4,53994118
c1_15983,C,T,4,54396697
c1_15982,T,G,4,54396852
c2_54887,T,C,4,54438748
c2_21972,G,A,4,56553702
c2_52738,A,C,4,56954459
c2_57883,T,A,4,57242921
c1_16625,T,C,4,57243271
c1_15456,A,C,4,57596087
c1_12945,C,T,4,57899405
c2_43998,C,A,4,57899561
c2_44000,C,T,4,57899966
c2_34957,C,T,4,58441497
c2_34958,C,T,4,58441701
c2_54335,T,C,4,58532735
c2_36021,C,A,4,58662909
c2_36027,C,A,4,58830957
c1_10751,A,T,4,58845309
c2_36034,G,A,4,58868638
c2_36037,C,A,4,58868987
c1_10762,C,A,4,58875538
c2_36053,G,T,4,58951832
c2_55849,A,G,4,59150916
c2_39804,T,C,4,59825374
c2_39802,G,A,4,59828873
c2_39800,C,T,4,59829029
c2_39816,G,A,4,60000105
c1_11758,A,C,4,60037750
c2_51220,T,C,4,60133081
c2_51244,G,A,4,60198048
c2_51242,A,G,4,60206967
c1_15012,T,C,4,60213972
c2_51234,C,T,4,60254953
c1_15006,G,A,4,60255822
c2_51232,T,C,4,60256759
c1_15505,C,A,4,60551488
c2_53548,A,G,4,60611728
c1_11363,T,G,4,61102521
c1_11356,T,C,4,61160138
c2_38116,A,G,4,61284452
c2_48310,G,T,4,61490468
c2_48290,A,G,4,61541735
c1_11206,G,A,4,62135720
c1_11211,A,G,4,62257382
c1_9771,A,C,4,62423409
c2_32601,T,C,4,62597434
c2_50004,C,A,4,63017719
c2_39443,C,T,4,63562121
c2_39447,A,G,4,63659301
c2_39448,C,T,4,63659421
c2_39450,A,G,4,63664170
c2_39453,T,C,4,63668434
c2_43736,T,C,4,63845729
c2_43722,T,C,4,64012524
c2_43735,G,A,4,64055406
c2_43743,G,A,4,64061387
c1_11639,A,G,4,64134829
c2_39343,A,C,4,64206034
c2_39342,A,G,4,64216808
c2_39341,T,C,4,64216910
c2_39327,C,T,4,64275135
c1_12564,G,A,4,64549009
c2_21590,C,T,4,64758588
c2_21581,T,G,4,64775857
c2_21579,A,G,4,64775900
c2_21578,G,A,4,64775909
c2_21577,A,T,4,64776004
c2_21573,G,C,4,64781980
c1_6758,T,C,4,64867844
c2_21479,C,A,4,65000546
c2_21364,G,A,4,65301176
c1_8328,T,C,4,65577930
c2_26731,A,G,4,65583822
c2_26758,A,C,4,65600291
c2_26688,C,T,4,65767269
c1_8316,G,A,4,65802638
c2_25282,G,A,4,65867121
c2_25283,A,C,4,65867228
c2_25284,A,G,4,65872176
c2_55796,T,C,4,65969881
c2_55793,A,G,4,65970096
c2_55786,G,A,4,65970827
c2_55784,A,G,4,65970986
c2_55780,C,T,4,65971280
c1_16191,A,G,4,65971751
c2_55774,T,C,4,65972478
c2_55773,A,G,4,65972517
c2_26712,C,T,4,66043528
c2_26713,G,A,4,66043536
c1_8330,T,C,4,66142540
c2_26741,C,T,4,66204701
c2_26744,T,C,4,66212305
c2_38611,T,C,4,66650026
c2_44640,G,A,4,66777995
c1_13172,G,T,4,66920028
c1_9619,G,T,4,67248738
c1_9614,T,G,4,67294193
c1_9613,A,G,4,67294211
c2_32099,G,A,4,67342310
c2_54446,A,G,4,67422348
c1_15237,A,G,4,67552618
c2_52206,C,T,4,67567676
c2_52205,A,G,4,67570682
c2_52203,G,A,4,67585796
c2_52196,A,G,4,67631273
c2_52195,G,A,4,67631327
c2_34874,C,T,4,67981149
c2_34872,G,A,4,67981423
c2_34868,C,T,4,67982840
c2_34867,A,T,4,67982950
c2_34866,T,C,4,67983036
c2_34865,G,A,4,67983299
c2_34863,A,G,4,67984659
c2_34862,C,T,4,67984665
c1_10425,G,T,4,67985135
c1_10424,C,T,4,67985201
c1_3166,A,G,4,68439384
c1_13085,C,T,4,68734083
c1_13077,A,C,4,68865108
c2_12976,G,A,4,69050482
c1_4178,G,A,4,69122414
c2_12957,T,C,4,69148700
c2_12955,T,A,4,69148829
c2_12954,A,G,4,69149897
c2_12953,A,T,4,69150093
c2_12947,G,A,4,69185901
c2_12945,T,C,4,69186102
c2_12937,C,T,4,69206573
c1_4175,A,G,4,69209192
c2_12930,A,G,4,69311500
c1_4172,G,A,4,69323144
c2_12921,G,A,4,69363089
c2_12913,G,A,4,69391846
c1_4162,G,A,4,69391945
c1_4109,G,A,4,69830197
c1_10178,G,A,4,70199242
c1_10196,G,A,4,70365272
c1_10202,C,A,4,70396887
c1_10677,T,C,4,70805773
c2_35941,G,A,4,70879006
c1_10670,C,T,4,70880221
c1_10668,T,C,4,70880906
c1_10715,A,C,4,70939324
c2_35998,C,A,4,70939686
c2_35996,G,A,4,70945073
c2_35995,G,A,4,70945636
c1_10714,T,A,4,70953672
c1_3450,A,G,4,71076408
c2_10819,G,A,4,71335030
c2_10802,A,G,4,71383390
c1_3546,G,T,4,71383981
c1_3545,A,C,4,71383982
c1_3544,A,C,4,71385536
c2_10797,G,A,4,71387933
c2_10693,G,A,4,71588170
c1_3526,T,C,4,71589190
c2_10692,C,T,4,71591813
c2_10691,C,T,4,71591874
c1_3522,A,G,4,71591902
c2_10690,A,G,4,71592088
c2_10689,A,C,4,71592146
c2_10688,G,A,4,71592216
c2_10687,A,G,4,71592285
c2_10683,G,A,4,71592527
c2_10682,A,T,4,71592545
c2_10681,G,A,4,71592572
c1_3515,C,T,4,71593900
c1_3514,T,C,4,71593930
c2_10658,G,C,4,71638309
c2_10656,G,T,4,71654784
c2_10618,G,T,4,71826211
c2_10617,T,C,4,71826257
c1_3499,A,G,4,71826344
c2_10616,G,A,4,71826356
c2_10615,C,T,4,71826365
c2_10614,A,C,4,71827521
c2_10612,C,A,4,71828638
c1_3495,T,C,4,71866559
c1_3494,C,T,4,71868365
c1_3484,C,T,4,71945107
c2_10566,G,A,4,71954636
c2_10563,C,G,4,71956350
c2_10548,A,T,4,72022392
c1_3461,G,A,4,72026885
c2_23780,G,A,5,65287
c2_23781,G,A,5,65301
c2_23803,G,A,5,71198
c2_23805,C,T,5,71220
c1_7632,G,A,5,71771
c2_23643,G,A,5,159426
c2_23678,C,A,5,224801
c2_23717,G,A,5,291556
c2_23727,C,T,5,324941
c2_23728,G,T,5,325029
c2_23735,C,T,5,388873
c2_23737,G,A,5,389040
c2_23738,G,A,5,389065
c2_23739,T,C,5,389174
c1_7621,C,T,5,391001
c1_7624,A,G,5,412134
c2_23828,G,A,5,694091
c2_23829,T,C,5,694151
c2_23831,A,G,5,694355
c2_23833,T,C,5,694521
c2_23834,G,A,5,694541
c2_23835,C,T,5,694562
c2_23836,A,G,5,694653
c2_23841,T,C,5,703580
c2_23842,C,A,5,705671
c2_40379,C,T,5,1091964
c2_33509,G,T,5,1400794
c2_33512,A,G,5,1401412
c2_33516,C,A,5,1413720
c2_33517,A,C,5,1413732
c2_33518,A,T,5,1413816
c2_33519,T,C,5,1413897
c2_33521,A,T,5,1413945
c2_33535,A,G,5,1437829
c1_10042,C,T,5,1438051
c2_33536,C,G,5,1438486
c2_33543,A,G,5,1505540
c2_52061,A,C,5,1832192
c2_52066,A,C,5,1847520
c2_52069,A,G,5,1847677
c2_52070,A,G,5,1853441
c2_11604,A,G,5,1957584
c2_11766,C,T,5,1996437
c2_11758,C,T,5,1997209
c2_11747,C,T,5,2037634
c2_11712,A,G,5,2149871
c2_11695,C,A,5,2261237
c2_11685,C,A,5,2288291
c1_15618,G,A,5,3051266
c2_11977,C,T,5,3515956
c1_3795,C,A,5,3702171
c2_11923,A,G,5,3710249
c2_11829,C,T,5,4041510
c2_22959,T,G,5,4434048
c2_23055,C,T,5,4936332
c2_50308,G,A,5,5051562
c2_50305,A,T,5,5052466
c2_50304,T,A,5,5055627
c2_50301,A,G,5,5055948
c2_12498,T,G,5,5475828
c2_51464,C,T,5,5533993
c2_51478,G,A,5,5573355
c2_51473,G,A,5,5574612
c2_51470,A,G,5,5574733
c1_14840,T,C,5,5692769
c2_50429,A,T,5,5692904
c1_14841,G,A,5,5693667
c2_47646,C,T,5,5921198
c2_47649,C,T,5,5932061
c2_47660,A,G,5,5946481
c2_47607,A,G,5,5972364
c2_47608,G,A,5,5972374
c2_47611,G,A,5,5972571
c2_52436,G,A,5,6147926
c2_52455,G,A,5,6204099
c2_47284,G,A,5,6354190
c2_47252,G,A,5,6402146
c2_38193,T,C,5,6583448
c2_38171,C,T,5,6625039
c2_38163,T,C,5,6626727
c2_45517,G,A,5,7332437
c2_37719,C,T,5,7675049
c2_37692,G,A,5,7741542
c1_11267,C,A,5,7832577
c1_15292,G,A,5,8795719
c2_43523,A,G,5,9134438
c2_43515,G,A,5,9144438
c1_14954,T,C,5,9454607
c2_55908,A,G,5,9641156
c1_14645,C,T,5,10031602
c2_32877,C,A,5,10273830
c2_32854,G,A,5,10418984
c2_51899,A,C,5,10808069
c2_43663,A,G,5,11157517
c2_24329,G,A,5,11376900
c2_38456,A,G,5,12209043
c2_56464,T,C,5,12661379
c2_54598,G,A,5,13164523
c2_53298,C,A,5,13360466
c2_53307,G,A,5,13386684
c2_47087,C,A,5,13688447
c2_38739,G,A,5,14151270
c2_38738,G,A,5,14151710
c2_38737,G,A,5,14151730
c2_44034,G,A,5,14363563
c1_12966,G,A,5,14428203
c2_54725,C,T,5,14541535
c2_37554,G,A,5,14586944
c2_51980,A,G,5,15061631
c2_54743,G,A,5,15144817
c2_54741,G,C,5,15144939
c2_49280,G,A,5,15735037
c2_48317,C,T,5,16835124
c2_44073,C,T,5,17003787
c1_15249,A,G,5,17620118
c2_43566,G,A,5,18120712
c2_43568,T,G,5,18167048
c1_14700,A,G,5,18295841
c1_5058,G,A,5,18632465
c2_49666,G,T,5,19633164
c2_52056,A,T,5,20273756
c2_52054,G,A,5,20274240
c2_52053,A,T,5,20274281
c1_15192,C,A,5,20318671
c1_15191,G,A,5,20318755
c1_15536,G,A,5,20380406
c1_12912,G,A,5,22620356
c1_9603,G,A,5,27186875
c2_50532,T,C,5,29043101
c1_15614,T,C,5,30655801
c1_4464,G,A,5,32104744
c1_4455,G,A,5,32421001
c1_4454,A,G,5,32680860
c2_13856,A,G,5,32845925
c1_11953,A,G,5,34114986
c2_49385,G,A,5,34686144
c2_38365,T,A,5,35572771
c2_38364,G,A,5,35572914
c2_38363,C,T,5,35572933
c2_50226,C,T,5,36824795
c2_50233,T,G,5,36834807
c1_14404,T,G,5,39205488
c1_14402,A,C,5,39207879
c2_57241,C,T,5,39678218
c2_57242,T,C,5,39678342
c2_57245,T,G,5,39681703
c2_52397,T,C,5,40450599
c2_40088,C,T,5,41539479
c2_40089,C,T,5,41539529
c1_11868,G,A,5,41539860
c2_40092,G,A,5,41542623
c1_14086,T,C,5,42206237
c2_5006,C,A,5,42300405
c2_5214,A,C,5,42894591
c1_1881,T,G,5,42992190
c2_5191,G,A,5,43116163
c2_5152,T,C,5,43218321
c2_5151,T,C,5,43218399
c2_5137,G,A,5,43300256
c2_44373,T,C,5,44945062
c2_44375,C,T,5,44945205
c2_44385,G,A,5,44973442
c1_13068,T,C,5,45125984
c2_40803,G,A,5,45359901
c1_12008,T,C,5,45360490
c1_12003,C,T,5,45542672
c2_40776,T,C,5,45544150
c2_40775,C,T,5,45544180
c1_11999,T,C,5,45545520
c1_11998,T,C,5,45545592
c1_11997,T,C,5,45545670
c1_12015,C,T,5,45546177
c2_40821,G,A,5,45546574
c1_12014,G,A,5,45598757
c2_50841,T,C,5,45880461
c2_50840,G,A,5,45880548
c2_50838,C,T,5,45880602
c2_51591,C,T,5,45992075
c2_51578,T,C,5,46046095
c1_14684,A,G,5,46454617
c2_46952,A,C,5,46691817
c2_42387,T,C,5,47068865
c1_12447,C,T,5,47309125
c1_12443,A,C,5,47309662
c1_12420,G,T,5,47337695
c1_12419,C,A,5,47340872
c2_49128,G,T,5,47454994
c2_49147,C,T,5,47506482
c2_49116,G,A,5,47535067
c2_49117,C,T,5,47557989
c2_10411,C,T,5,47747794
c1_3371,G,A,5,47800112
c1_3392,C,A,5,47991614
c1_3393,A,G,5,47991663
c2_10319,G,NA,5,48339484
c2_10338,A,G,5,48410057
c2_10358,A,G,5,48541183
c2_54371,G,A,5,48887625
c2_54370,T,C,5,48887667
c2_54368,T,C,5,48888060
c2_42405,G,A,5,49092589
c1_12456,A,G,5,49137271
c2_42450,C,T,5,49177407
c2_42451,T,C,5,49177458
c2_42453,G,A,5,49179471
c2_42455,A,G,5,49179532
c2_42475,T,C,5,49242992
c2_42481,G,T,5,49246855
c2_55571,G,A,5,49356615
c2_55240,G,A,5,49467229
c2_8356,A,G,5,49719416
c2_8427,G,A,5,49736422
c2_8428,A,G,5,49736471
c2_8430,T,G,5,49737704
c2_8431,C,T,5,49737818
c2_8432,C,T,5,49737851
c2_8240,C,T,5,49804489
c2_8253,A,G,5,49835932
c2_8256,G,A,5,49836134
c2_8295,A,C,5,49888144
c2_8510,T,C,5,50583895
c2_8513,C,T,5,50584053
c2_8517,A,G,5,50584317
c2_8210,A,G,5,50922126
c2_3452,T,C,5,51696835
c2_3451,T,G,5,51697156
c1_1127,C,T,5,51697288
c1_1126,C,T,5,51697315
c1_1125,A,G,5,51698150
c2_3449,C,A,5,51698275
c1_1094,A,G,5,51771399
c1_1249,A,T,5,51980344
c1_1219,T,C,5,51994498
c1_1216,A,G,5,51998374
c2_54011,G,A,6,195511
c1_15726,A,G,6,238858
c2_30501,G,A,6,257821
c2_30633,G,A,6,314771
c2_30508,G,A,6,410240
c2_30509,T,A,6,410471
c2_30534,T,C,6,471273
c2_30612,A,G,6,833354
c2_36427,C,T,6,1213731
c1_10873,G,A,6,1242783
c2_36402,G,A,6,1288686
c2_36400,A,C,6,1288828
c2_36393,C,T,6,1303853
c2_36460,A,G,6,1612506
c2_36388,T,C,6,1642570
c2_36370,C,T,6,1648043
c2_53250,A,G,6,1801624
c1_13638,T,C,6,1832894
c2_45971,A,C,6,1923484
c2_46002,A,G,6,2074295
c2_55557,G,A,6,2166162
c2_55556,A,G,6,2166517
c2_55554,G,A,6,2182273
c2_55553,G,A,6,2182330
c2_57291,T,C,6,2270659
c2_38293,T,C,6,2591073
c2_27620,A,G,6,2954516
c2_27574,G,A,6,3295487
c2_27563,T,C,6,3335960
c2_27561,C,T,6,3336148
c2_27565,A,G,6,3470372
c2_27564,A,T,6,3470384
c2_3135,T,C,6,3551683
c2_3134,G,A,6,3555939
c2_3133,T,G,6,3555942
c2_3109,C,A,6,3974752
c2_3108,T,G,6,3974830
c2_3104,C,A,6,4151533
c2_3092,C,T,6,4177003
c2_3163,C,T,6,4444971
c2_3162,A,C,6,4473040
c2_56971,A,G,6,4701224
c2_3153,C,T,6,4848840
c1_925,C,T,6,4850123
c2_3146,C,A,6,5048456
c2_36714,T,C,6,5849720
c2_36711,A,G,6,5849928
c2_36709,G,A,6,5850053
c1_10935,A,G,6,5850803
c2_36708,A,G,6,5852757
c2_36706,T,C,6,5895227
c1_10938,A,G,6,6071303
c1_10939,A,G,6,6099875
c2_56259,A,C,6,6388474
c2_46993,T,C,6,6422780
c2_46994,T,A,6,6422832
c2_46995,G,C,6,6423296
c2_46997,G,A,6,6423476
c2_47002,C,T,6,6445075
c2_50182,T,C,6,7262879
c2_50180,C,T,6,7263350
c1_14778,T,C,6,7467662
c1_16656,G,A,6,7484322
c1_15811,A,G,6,7995004
c2_24266,T,C,6,8312329
c2_17379,T,C,6,11038269
c2_26499,G,A,6,11224867
c2_26500,G,A,6,11224953
c2_26501,G,A,6,11226293
c2_33105,C,A,6,12032376
c2_18787,A,G,6,15778047
c1_9601,C,A,6,17393943
c2_58126,T,G,6,17700454
c2_56793,A,G,6,20312642
c2_56794,G,A,6,20312683
c2_12403,G,A,6,23814407
c2_12402,T,C,6,23933179
c1_14880,C,T,6,24858593
c2_4590,C,T,6,26363264
c2_55661,T,C,6,26935261
c2_24050,C,T,6,27490699
c2_32893,C,A,6,28434793
c2_32894,A,G,6,28434931
c1_10560,C,A,6,28621195
c2_35590,T,A,6,28621753
c2_35592,T,C,6,28886273
c2_11293,G,A,6,29589233
c2_11286,G,A,6,29797293
c2_11287,A,G,6,29945939
c2_11294,G,T,6,30214532
c2_11303,C,A,6,30365962
c2_11309,A,T,6,30379521
c2_11310,C,T,6,30381815
c2_11313,A,G,6,30382462
c2_11314,T,C,6,30382472
c2_11315,G,A,6,30382751
c2_11316,A,G,6,30382874
c2_11330,A,G,6,30443070
c2_11333,G,A,6,30443155
c2_11334,T,C,6,30455863
c1_3687,A,G,6,30456106
c1_3691,T,G,6,30647661
c2_52569,A,G,6,30915096
c2_36595,G,A,6,31135283
c1_10901,A,G,6,31519424
c2_32952,G,A,6,31590352
c2_32918,A,G,6,31830854
c2_57825,T,C,6,32007868
c2_34002,T,C,6,32433877
c2_38663,A,C,6,33776207
c2_50221,A,T,6,34311754
c2_50220,C,T,6,34311834
c1_8603,A,G,6,34825744
c2_27867,T,G,6,34893250
c2_27863,G,A,6,34950532
c1_8594,C,T,6,35194342
c2_24297,C,T,6,35798871
c2_24322,T,C,6,36214491
c1_12409,G,A,6,36765007
c2_42346,C,T,6,36881092
c2_42348,C,T,6,36881223
c2_42349,C,A,6,36881380
c2_42351,C,A,6,36881468
c2_42353,T,C,6,36882933
c2_42354,C,T,6,36883178
c2_42355,G,C,6,36883186
c2_37603,G,A,6,37390413
c2_37615,C,T,6,37528473
c2_43097,A,G,6,37602023
c2_43096,C,T,6,37602140
c2_43093,A,G,6,37602254
c2_43084,C,A,6,37602989
c2_43068,T,C,6,37883612
c2_43059,A,G,6,37940976
c2_43058,G,A,6,37941102
c2_43109,G,C,6,37969924
c2_43107,G,A,6,37976441
c2_43064,A,G,6,38059242
c2_51771,A,G,6,38210711
c2_51769,G,A,6,38211153
c2_51768,C,A,6,38211208
c2_51766,A,G,6,38211332
c2_51765,G,A,6,38211470
c2_51760,C,T,6,38211989
c2_51758,C,T,6,38212118
c2_51756,C,T,6,38212878
c2_56059,G,A,6,38291420
c2_56058,C,T,6,38291438
c2_56057,G,C,6,38291714
c2_56056,T,C,6,38291760
c2_56055,A,G,6,38298215
c2_54220,A,G,6,38458958
c2_33302,C,T,6,38745809
c2_33314,T,C,6,38754845
c2_33375,T,G,6,38883066
c2_33346,C,T,6,39243760
c2_51489,C,T,6,39474806
c2_51480,A,G,6,39539088
c2_31585,G,A,6,39783311
c2_31586,C,A,6,39792242
c2_31592,A,G,6,39793124
c2_31605,G,T,6,39882582
c2_31642,C,A,6,39994899
c2_40266,A,G,6,40585733
c2_40260,G,T,6,40604943
c2_40237,G,A,6,40611235
c2_40236,G,A,6,40611306
c2_54029,C,A,6,41520176
c2_49052,C,T,6,41927092
c2_49060,T,G,6,41970290
c2_43135,C,T,6,42626082
c2_57014,T,C,6,42746310
c2_57016,C,T,6,42750769
c1_16470,G,A,6,42761193
c2_57018,G,A,6,42764269
c2_43113,C,T,6,42803263
c2_43116,G,A,6,42803660
c2_43123,G,A,6,42821213
c2_37766,C,T,6,43111882
c1_11275,G,A,6,43149474
c1_11276,A,G,6,43183046
c2_37756,T,C,6,43260421
c2_37762,T,C,6,43304876
c2_37774,A,G,6,43349985
c2_55700,T,C,6,43621182
c2_52763,G,A,6,43656207
c2_52767,G,A,6,43689851
c2_39626,G,A,6,43890215
c2_39627,A,G,6,43893360
c1_11707,A,G,6,43950578
c2_57172,A,G,6,44030918
c2_53053,A,G,6,44119412
c2_49883,C,T,6,44166068
c2_49885,T,C,6,44303698
c1_12051,G,A,6,44608732
c2_47484,A,G,6,44775802
c2_47495,A,G,6,44929713
c2_57989,G,A,6,44972343
c2_56132,T,C,6,45015624
c2_36123,T,C,6,45245848
c1_8140,A,G,6,45591711
c1_8136,G,A,6,45860741
c2_25929,G,A,6,46017522
c2_25926,T,C,6,46018319
c2_25925,G,A,6,46020451
c1_8133,T,C,6,46026544
c2_31887,G,A,6,46390332
c2_31893,G,A,6,46408984
c2_31913,C,A,6,46533413
c2_54191,C,T,6,46612395
c2_54195,C,T,6,46662869
c2_54193,T,C,6,46663076
c2_31931,A,G,6,46673307
c2_46171,T,C,6,47053493
c2_46155,C,T,6,47057660
c2_16863,C,T,6,47604700
c2_16771,G,A,6,47689524
c2_16777,T,C,6,47838439
c2_16785,A,G,6,48053032
c1_15374,T,C,6,48415890
c1_15371,T,C,6,48416539
c2_31082,C,T,6,48587642
c2_50595,G,A,6,48718893
c2_31144,G,A,6,48879137
c2_31180,C,T,6,49130098
c1_10646,T,C,6,49271297
c2_33892,C,A,6,49672071
c2_33893,T,C,6,49672088
c2_33777,G,T,6,49701965
c2_5835,C,A,6,50088937
c2_5836,T,C,6,50088968
c2_5868,G,C,6,50108753
c1_2117,G,A,6,50125534
c1_2060,A,C,6,50219978
c1_2065,G,A,6,50281023
c2_5759,A,G,6,50297049
c2_5769,A,T,6,50344242
c2_5770,G,A,6,50344321
c2_5771,C,T,6,50344399
c2_5772,T,C,6,50345098
c2_5774,C,T,6,50345164
c2_5775,C,T,6,50345218
c1_2071,G,A,6,50356113
c2_5784,G,A,6,50414444
c1_2082,C,T,6,50443601
c2_5812,A,C,6,50470736
c1_2086,G,A,6,50571659
c1_2090,C,T,6,50627521
c1_2091,G,A,6,50658278
c2_5845,G,A,6,50693975
c2_5850,T,C,6,50723658
c2_5858,C,T,6,50851628
c1_2112,A,C,6,51083766
c2_41407,A,G,6,51183281
c2_41405,G,A,6,51183805
c2_56141,A,C,6,51365568
c1_13135,A,G,6,51484815
c1_13155,T,C,6,51617848
c2_8832,A,G,6,51913883
c2_8867,G,A,6,51925225
c1_3011,G,A,6,51928926
c1_2953,G,A,6,52004706
c1_2960,T,C,6,52023911
c2_8744,G,A,6,52239485
c2_8786,G,A,6,52260737
c2_8791,A,T,6,52264212
c2_8793,T,C,6,52264315
c2_8822,A,C,6,52386782
c2_8823,C,T,6,52386836
c2_8966,G,A,6,52859976
c2_8999,A,G,6,52946197
c2_9002,T,A,6,52947838
c2_9003,A,T,6,52947899
c2_9005,G,A,6,52947949
c2_9006,T,A,6,52948131
c2_9010,G,A,6,52951684
c2_9011,G,A,6,52951756
c2_8650,G,A,6,52986578
c2_8659,G,A,6,53052673
c2_8662,C,T,6,53053305
c2_22289,C,A,6,53307968
c1_6994,G,A,6,53677960
c1_6997,A,G,6,53678569
c1_7005,T,C,6,53711466
c2_22334,G,A,6,53749071
c2_22336,G,T,6,53749287
c1_7029,A,G,6,53805395
c1_7031,G,A,6,53809300
c1_7040,G,A,6,53846583
c1_7041,G,A,6,53846625
c2_22404,G,A,6,54001660
c2_24229,G,A,6,54218082
c1_7704,A,G,6,54252491
c1_7695,C,A,6,54307625
c2_24152,T,C,6,54363334
c2_24115,C,A,6,54579441
c1_7680,T,C,6,54713350
c1_7678,T,C,6,54758304
c2_29204,C,T,6,55096901
c2_29187,G,A,6,55186134
c2_29186,C,T,6,55186390
c2_29165,G,A,6,55279401
c2_29169,A,G,6,55470036
c2_1950,G,A,6,55521678
c2_56590,T,C,6,55744569
c2_37339,G,A,6,55783877
c2_37329,T,C,6,55889134
c2_37350,A,G,6,56123395
c1_11144,A,G,6,56135600
c1_8674,T,C,6,56282323
c1_8659,G,A,6,56645417
c1_8679,A,G,6,56735014
c1_16127,G,A,6,56818257
c2_50802,G,T,6,56940118
c2_50799,G,A,6,56940277
c2_50798,C,T,6,56940505
c2_50797,T,G,6,56940529
c2_50796,C,T,6,56940758
c2_50795,G,A,6,56940791
c2_50783,T,C,6,56978030
c2_50259,A,G,6,57059311
c2_41223,G,T,6,57216661
c2_41189,A,G,6,57354175
c2_9047,A,G,6,57620314
c2_9038,G,A,6,57651092
c2_56602,T,G,6,57820264
c2_9308,C,T,6,57850119
c1_3130,A,G,6,57870264
c1_3126,T,C,6,57870758
c1_3125,G,T,6,57870796
c2_9292,G,A,6,57874021
c1_3118,G,A,6,57907296
c2_9247,A,G,6,57934813
c2_9245,T,C,6,57953056
c2_9243,C,T,6,57959589
c1_3098,C,T,6,58064604
c2_9220,T,C,6,58219045
c2_9219,A,G,6,58219072
c2_9216,T,C,6,58219291
c2_9215,A,G,6,58219483
c2_9204,T,C,6,58259275
c2_9203,C,G,6,58259535
c2_9202,G,A,6,58259841
c2_9201,A,G,6,58259952
c2_9193,A,G,6,58293159
c2_9137,G,A,6,58541585
c1_3081,A,G,6,58663518
c2_9233,A,G,6,58827852
c2_9172,G,A,6,58844975
c1_14614,T,C,6,59263222
c2_46101,T,C,7,564380
c2_46106,C,T,7,565922
c2_46108,C,A,7,567059
c1_11534,A,G,7,583570
c1_11521,G,A,7,588080
c1_11523,C,T,7,588227
c2_38893,G,A,7,637024
c2_38900,C,T,7,638125
c1_11525,A,G,7,769203
c2_38871,A,G,7,795288
c2_38873,T,C,7,797510
c1_15906,C,G,7,1002067
c2_54651,T,C,7,1002101
c2_54652,T,C,7,1002244
c1_15909,C,A,7,1002482
c1_15911,T,C,7,1002704
c1_15914,G,A,7,1005913
c1_10825,G,A,7,1081996
c2_36068,G,C,7,1279680
c2_45643,C,T,7,1947499
c2_43960,T,G,7,2300074
c2_26197,G,A,7,2498400
c2_26296,G,A,7,2531707
c2_26162,G,A,7,2596686
c2_26210,G,A,7,2932790
c2_26211,C,T,7,2932808
c2_26239,G,T,7,2972897
c1_8186,G,A,7,3246279
c2_36818,C,T,7,3476491
c2_36831,G,A,7,3505434
c2_36832,A,G,7,3505461
c2_36833,G,A,7,3505922
c2_36835,C,T,7,3507474
c2_36837,C,G,7,3508026
c2_36859,A,G,7,3579340
c1_16212,T,G,7,3891696
c2_55830,T,C,7,3891813
c2_55832,G,A,7,3892568
c2_55833,C,T,7,3892715
c2_55834,C,T,7,3892784
c1_16221,A,T,7,3894102
c1_16222,T,A,7,3894388
c1_16225,C,T,7,3896060
c2_55837,G,A,7,3896195
c2_55838,A,C,7,3896216
c2_52663,G,A,7,3949542
c2_46379,A,G,7,4100017
c2_46398,C,T,7,4193255
c2_46393,T,C,7,4231614
c2_43588,T,G,7,4468871
c2_46749,T,G,7,4834362
c2_46715,G,T,7,4870655
c2_46710,C,T,7,4874743
c2_46709,G,A,7,4874797
c2_46755,T,C,7,4880359
c2_48715,G,A,7,5260432
c2_52374,A,G,7,5791166
c1_15484,G,A,7,6367929
c1_15485,A,G,7,6420869
c1_11935,C,A,7,6466545
c1_11937,G,A,7,6578228
c2_56659,A,G,7,7049964
c2_56660,C,T,7,7054045
c2_55986,C,A,7,7105382
c2_47004,G,A,7,7139104
c1_13594,T,G,7,7426592
c2_45798,A,C,7,7480900
c2_27860,C,T,7,7893094
c2_42640,G,A,7,7938249
c2_56433,T,C,7,8384204
c2_50551,G,T,7,8518130
c2_50549,T,C,7,8518170
c2_56008,A,G,7,8717409
c2_52104,G,A,7,9125414
c1_10855,C,A,7,9998099
c2_49836,A,G,7,10161576
c2_49837,G,C,7,10161642
c2_49842,T,C,7,10163445
c2_6601,G,A,7,10650161
c2_6606,C,T,7,10651343
c2_6607,T,C,7,10651355
c2_6609,T,C,7,10651711
c2_6615,T,C,7,10836316
c2_6616,T,C,7,10836465
c2_6618,T,C,7,10836630
c1_2404,G,A,7,10838437
c1_2405,C,T,7,10838506
c2_6622,A,G,7,10838770
c2_6666,T,C,7,11416880
c1_2398,T,G,7,11640657
c2_6582,A,G,7,12122133
c2_6583,G,A,7,12122333
c2_6584,T,C,7,12122489
c2_4575,G,A,7,13633262
c2_4579,G,A,7,13637711
c2_4583,C,A,7,13638810
c2_4342,T,C,7,14924207
c1_1481,C,T,7,15669100
c2_11386,G,A,7,17633969
c1_3696,T,C,7,18005870
c1_16450,G,A,7,18087064
c2_19701,G,A,7,18507137
c2_19704,T,C,7,18508065
c2_19707,T,C,7,18508234
c2_4393,A,G,7,18715095
c2_19696,G,A,7,18929739
c2_45214,A,G,7,19610654
c1_13998,A,C,7,19993451
c2_20577,A,C,7,21317120
c2_5902,A,G,7,21365349
c2_5900,T,A,7,21367162
c1_2124,A,G,7,22890130
c1_9478,G,T,7,23716646
c2_31365,T,C,7,23716661
c2_31368,G,A,7,23717211
c2_31370,C,T,7,23718727
c2_31371,C,T,7,23718828
c2_31375,A,C,7,23719258
c2_31376,A,T,7,23719402
c2_46567,T,C,7,24227179
c2_2855,T,C,7,24708907
c2_2858,G,A,7,24713568
c1_2786,C,A,7,25775384
c1_2778,C,A,7,26038100
c2_34557,G,T,7,26752660
c2_34561,A,C,7,26752905
c2_29276,A,G,7,31600284
c2_11400,A,G,7,32483170
c1_2789,C,T,7,32978026
c1_2790,G,T,7,32978081
c1_2791,A,G,7,32978314
c2_7712,G,A,7,33935337
c2_7715,T,G,7,33940193
c2_7735,C,T,7,34592733
c1_512,T,G,7,35456235
c2_1964,C,T,7,36278447
c2_1980,T,C,7,36406834
c2_1993,C,T,7,36553264
c2_2000,A,C,7,36802629
c1_482,T,C,7,36903616
c2_2031,T,C,7,37075852
c1_500,T,C,7,37223877
c2_2074,A,G,7,37474330
c2_13908,C,T,7,38283065
c2_4445,A,G,7,39086805
c2_4475,C,T,7,39462012
c2_4476,C,T,7,39462138
c2_4480,T,C,7,39472209
c2_4486,T,C,7,39571723
c1_1536,G,A,7,39598602
c1_15700,A,G,7,40053025
c2_9375,A,G,7,40611308
c2_9380,G,A,7,40612321
c2_9381,T,G,7,40612819
c1_3147,A,C,7,40689929
c1_3150,C,T,7,40742709
c2_9358,A,T,7,41356983
c1_7520,T,C,7,41720062
c2_23396,C,A,7,41720719
c1_7515,T,C,7,41721163
c1_7514,G,A,7,41721335
c2_23384,T,G,7,41955180
c2_23382,C,T,7,41955234
c2_23355,A,G,7,42119766
c2_23354,G,A,7,42119915
c2_23347,C,T,7,42120645
c1_7404,T,G,7,42555347
c1_7400,G,A,7,42602137
c1_7399,C,T,7,42634522
c1_7382,C,T,7,42659856
c1_7407,A,C,7,42784586
c1_7405,T,C,7,42786040
c2_15908,G,A,7,43121933
c1_5113,T,C,7,43125842
c1_5114,A,G,7,43125907
c1_5115,T,C,7,43125928
c2_15923,A,G,7,43191966
c2_15929,C,T,7,43192596
c1_5126,C,T,7,43253894
c1_5137,G,A,7,43427122
c2_16004,G,A,7,43579421
c2_16025,A,G,7,43590143
c1_16193,G,A,7,43652914
c1_16195,A,C,7,43653755
c1_16196,C,T,7,43654019
c1_11479,T,C,7,44288708
c2_38635,A,G,7,44319853
c1_11485,G,T,7,44380117
c2_38667,A,G,7,44416107
c2_44105,A,G,7,44499261
c2_44095,A,G,7,44516464
c1_12978,C,T,7,44649433
c1_12976,T,C,7,44649580
c2_44120,G,A,7,44687759
c1_13482,T,C,7,44876137
c1_13483,G,A,7,44876283
c1_13481,C,A,7,45035807
c1_10020,C,A,7,45145834
c2_33495,T,C,7,45145932
c2_33493,A,G,7,45146117
c2_33492,A,T,7,45146134
c2_33491,A,T,7,45146174
c1_10001,A,T,7,45239915
c1_10031,T,C,7,45539006
c2_45472,T,G,7,45776828
c2_45461,A,G,7,45789071
c2_45448,G,T,7,45813809
c2_45445,G,A,7,45814156
c2_45436,T,C,7,45842746
c2_45180,G,A,7,46813868
c1_13378,C,T,7,46816703
c2_45168,G,A,7,46865216
c2_45161,C,T,7,46865716
c1_13385,T,C,7,46943587
c2_45196,C,T,7,46948308
c2_48277,T,C,7,47070291
c2_25205,G,A,7,47102897
c2_25207,T,C,7,47103026
c1_7991,A,G,7,47159230
c1_7994,G,T,7,47159669
c2_25289,C,T,7,47160480
c2_25211,A,G,7,47307287
c2_25219,G,A,7,47348171
c1_7980,C,T,7,47551623
c2_25250,T,C,7,47642053
c1_7989,A,G,7,47655133
c2_25253,T,C,7,47655459
c2_25261,G,A,7,47674858
c2_25265,G,A,7,47693809
c2_38764,G,A,7,47811510
c2_38787,G,A,7,47875892
c2_19897,T,C,7,48586470
c1_6244,G,A,7,48637648
c1_6240,C,T,7,48778791
c2_19826,T,C,7,48955227
c2_19803,C,A,7,48965517
c2_19759,C,T,7,49175223
c2_19749,A,G,7,49215260
c2_19746,A,C,7,49221746
c2_19854,G,A,7,49351625
c1_6228,G,T,7,49378419
c1_10467,G,T,7,49455985
c2_35105,G,A,7,49553646
c2_35049,G,A,7,49745280
c2_35054,C,T,7,49747233
c2_35055,G,T,7,49747253
c2_35056,T,C,7,49747344
c2_35057,T,A,7,49747486
c2_35062,T,A,7,49748343
c2_35078,A,G,7,49839630
c2_26003,T,A,7,50150805
c2_26005,G,A,7,50151362
c2_26006,G,A,7,50151438
c2_26007,T,A,7,50151500
c2_26008,G,A,7,50151511
c2_26010,C,T,7,50151960
c2_26014,G,C,7,50155390
c2_26040,G,T,7,50287421
c2_26041,G,A,7,50290359
c1_8150,A,G,7,50416079
c2_50620,T,C,7,50754110
c2_28309,T,A,7,51451635
c1_8707,C,T,7,51452856
c1_8708,T,C,7,51452865
c2_28310,C,T,7,51453747
c1_8713,G,A,7,51469583
c1_8686,A,G,7,51496616
c2_28171,C,T,7,51518499
c2_28174,A,G,7,51518820
c2_28176,G,T,7,51519014
c2_28195,G,A,7,51551349
c2_28212,T,C,7,51566031
c2_28217,A,G,7,51599774
c2_28222,C,G,7,51604824
c2_28223,G,T,7,51604961
c2_42763,T,C,7,52191007
c2_42761,A,G,7,52191182
c2_42759,G,A,7,52191317
c2_42758,C,T,7,52191517
c2_42756,T,C,7,52191846
c2_42807,G,A,7,52269129
c2_12420,C,G,7,52454604
c2_12404,G,A,7,52544646
c2_12405,G,A,7,52544739
c2_12411,G,A,7,52546482
c1_4029,C,T,7,52693868
c2_12527,T,C,7,52792715
c2_12528,T,C,7,52792784
c2_12530,C,A,7,52794272
c2_12531,G,A,7,52795452
c2_12565,A,G,7,52958673
c2_12578,C,T,7,53077509
c2_12596,G,A,7,53104327
c2_12599,G,T,7,53105872
c2_12696,A,G,7,53296175
c2_51513,T,C,7,53623295
c2_51536,C,T,7,53654818
c2_16846,G,A,7,53783075
c2_16824,A,G,7,54045144
c1_9215,T,C,7,54277246
c2_30428,C,T,7,54329836
c2_30460,G,A,7,54505312
c2_18545,T,G,7,54856073
c2_18546,T,C,7,54856283
c2_18549,C,T,7,54860473
c2_18570,C,T,7,54961836
c2_18573,A,G,7,54997992
c1_5981,C,T,7,55130142
c1_5995,T,G,7,55209778
c1_5996,C,T,7,55209802
c2_18661,A,G,7,55213127
c2_18666,A,G,7,55220062
c2_18667,C,T,7,55220152
c2_18683,A,G,7,55284153
c2_18684,C,T,7,55284214
c2_18745,C,T,7,55465761
c1_8819,G,A,7,55782096
c2_28848,C,G,7,55889095
c2_28851,G,A,7,55889622
c2_28852,C,A,7,55890673
c1_8829,G,A,7,56033564
c1_8830,A,T,7,56033621
c2_28903,C,T,7,56037330
c2_33280,C,T,7,56628128
c2_29015,A,G,8,141850
c2_29020,G,A,8,285383
c2_29025,C,T,8,399666
c2_29027,C,A,8,400382
c2_29047,G,A,8,495260
c2_54456,T,C,8,625053
c1_9776,G,A,8,1031440
c1_9777,A,G,8,1031548
c1_9779,G,A,8,1067135
c1_9785,T,G,8,1179922
c2_32667,C,T,8,1218944
c1_9786,C,T,8,1220894
c2_32677,C,T,8,1237709
c2_32702,A,G,8,1367551
c2_32704,T,G,8,1367651
c2_32710,G,A,8,1396675
c2_51957,G,A,8,1767949
c2_27452,C,T,8,2045972
c1_8508,T,C,8,2163605
c2_27485,C,T,8,2202542
c1_8518,C,T,8,2473819
c1_14884,A,G,8,2693584
c1_15756,A,C,8,2903601
c2_54204,C,A,8,2907179
c1_7739,G,A,8,3211419
c2_50041,C,T,8,3502674
c2_57767,A,T,8,3735546
c2_34142,G,A,8,3827691
c2_34124,C,T,8,3914208
c2_34121,A,G,8,3962323
c2_34117,T,G,8,3993593
c2_34115,G,A,8,3993755
c2_34110,G,A,8,4026312
c2_34109,A,C,8,4026338
c2_34103,G,T,8,4235737
c2_19533,A,G,8,4336546
c1_15260,G,A,8,4456432
c2_30104,A,G,8,4742020
c2_30053,T,A,8,4911152
c1_9103,A,C,8,4912192
c2_30054,A,G,8,4918755
c2_48951,G,A,8,5311941
c2_48953,C,T,8,5312058
c2_26893,G,T,8,5528114
c1_8380,G,T,8,5810262
c2_26936,T,A,8,5818668
c2_26938,A,G,8,5832912
c2_49541,T,G,8,6371823
c1_13229,G,T,8,6541246
c2_12746,G,A,8,7267927
c2_52857,G,A,8,7445492
c1_14166,G,A,8,7836331
c2_47901,C,T,8,7838596
c2_47900,A,G,8,7838662
c1_6207,C,T,8,8101054
c1_5713,G,A,8,9226857
c2_17304,A,G,8,9320279
c2_17315,T,C,8,9479127
c2_17318,C,T,8,9554691
c2_17319,G,A,8,9554790
c2_17321,T,C,8,9558581
c2_57002,T,C,8,9975056
c1_14314,T,A,8,10214111
c2_33774,T,G,8,10832890
c2_33772,C,A,8,10832976
c2_33771,G,A,8,10833062
c2_30907,G,T,8,12699036
c1_2686,G,A,8,13212735
c2_7785,G,A,8,13213183
c2_28508,G,T,8,13923286
c2_57849,T,C,8,14440357
c2_57850,G,A,8,14440360
c2_50849,T,C,8,15139435
c2_34091,T,C,8,15880148
c1_15689,C,T,8,15912416
c2_34085,G,A,8,15953548
c2_34065,G,T,8,16044264
c2_34565,C,T,8,16250630
c2_34564,A,T,8,16652660
c2_42290,G,A,8,17061842
c2_2122,G,A,8,17233898
c2_2178,C,T,8,18395020
c2_2183,T,C,8,19348560
c2_19951,A,G,8,19827795
c2_19940,A,C,8,19950249
c1_6252,A,G,8,20465382
c1_6262,G,A,8,20584401
c2_2850,A,G,8,20914799
c2_2842,T,C,8,21132878
c2_8167,T,C,8,21906383
c2_8169,G,A,8,21989034
c2_8172,G,A,8,22239641
c2_5914,T,C,8,23895246
c1_6346,A,G,8,25466185
c2_29494,C,T,8,26158842
c2_29478,C,T,8,26163279
c2_29284,A,G,8,28480153
c2_29283,A,C,8,28480198
c2_29282,A,G,8,28480293
c2_29280,G,A,8,28480587
c2_19426,C,G,8,29755831
c1_6130,A,G,8,29756364
c1_6131,A,G,8,29756431
c2_19429,T,A,8,29758156
c2_19430,A,G,8,29758210
c2_19431,C,T,8,29758299
c2_19432,C,G,8,29758723
c1_6136,G,A,8,29812858
c1_6138,T,C,8,29813852
c1_6140,C,T,8,29813975
c2_19437,T,C,8,30148056
c2_19439,A,G,8,30148252
c2_47923,T,C,8,30353879
c2_47922,T,A,8,30365828
c1_14959,A,G,8,31977011
c1_9167,G,A,8,32239155
c1_9170,G,A,8,32311544
c2_30288,A,C,8,32544771
c2_30293,G,A,8,32685897
c1_11442,T,C,8,32956500
c2_32803,G,A,8,34751650
c2_32802,T,C,8,34865887
c1_11719,G,A,8,35379060
c2_49249,C,T,8,35650971
c2_49246,A,G,8,35651364
c2_49245,A,C,8,35651378
c2_49243,A,G,8,35651619
c2_56491,T,C,8,35731349
c2_41463,T,C,8,35922019
c2_41446,G,A,8,36020869
c1_12162,A,G,8,36109390
c2_55227,G,T,8,36921507
c1_836,G,A,8,37379264
c2_2757,T,C,8,37467447
c2_2754,G,A,8,37468754
c1_823,G,A,8,37469946
c2_2748,A,C,8,37492252
c1_821,A,G,8,37494529
c1_819,G,C,8,37495873
c2_2747,C,A,8,37504471
c2_2746,G,A,8,37506817
c2_2745,A,G,8,37507745
c2_2729,T,C,8,37673474
c2_32280,G,A,8,38286683
c2_32287,C,A,8,38462128
c2_32291,T,G,8,38462465
c2_32310,T,G,8,38687057
c2_32317,C,T,8,38782386
c2_51320,G,A,8,38843024
c2_51329,C,T,8,38877340
c2_51312,A,G,8,38946178
c2_45770,C,T,8,39115651
c2_45750,C,T,8,39257196
c2_45751,C,T,8,39257244
c1_13586,C,T,8,39263197
c2_45759,A,C,8,39266259
c2_44307,T,C,8,39591317
c2_44304,C,T,8,39591478
c1_13043,G,T,8,39670914
c2_44334,G,A,8,39698106
c1_16676,G,A,8,39883762
c1_15045,G,C,8,39908319
c2_51369,A,G,8,39913524
c1_15044,T,C,8,39918144
c2_51368,A,C,8,39918766
c2_51374,G,A,8,39959936
c1_15048,C,T,8,39967953
c1_15046,A,G,8,39999158
c1_14108,G,A,8,40062658
c2_33405,A,G,8,40709666
c2_33403,G,A,8,40744879
c2_33400,G,A,8,40745940
c2_33386,C,T,8,40791117
c2_33381,T,G,8,40837569
c2_33422,G,A,8,40944732
c2_48184,A,G,8,41087752
c1_14271,G,A,8,41088132
c1_11562,T,C,8,42305503
c2_18892,C,A,8,43102081
c2_18894,A,G,8,43102244
c2_18918,G,A,8,43308600
c2_18922,T,C,8,43333712
c2_18945,G,A,8,43375794
c2_53733,C,A,8,43760647
c2_41044,C,A,8,44234462
c2_15859,G,T,8,44889182
c2_15826,T,A,8,45224020
c2_15796,C,T,8,45364462
c2_44274,T,C,8,45452423
c2_44298,G,A,8,45631215
c2_44294,A,G,8,45632350
c1_14763,G,T,8,45990790
c2_50153,T,G,8,45991126
c2_50151,A,G,8,46018639
c2_51053,G,A,8,46358239
c2_51052,G,A,8,46359102
c1_15416,A,G,8,46805752
c2_51749,G,A,8,46877535
c2_40295,T,C,8,47095975
c2_40294,A,C,8,47096072
c2_40290,A,C,8,47174104
c1_15692,G,T,8,47472669
c2_53903,A,G,8,47499196
c2_53914,C,A,8,47519565
c2_28521,T,C,8,48085342
c2_28522,A,G,8,48085423
c1_8769,C,T,8,48181310
c2_28548,C,T,8,48214471
c2_28550,G,A,8,48236149
c2_28568,A,G,8,48333994
c2_28632,A,C,8,48669101
c2_28633,A,G,8,48669299
c2_28634,T,C,8,48669473
c2_49377,C,T,8,48805250
c2_49375,C,T,8,48805364
c2_7353,A,G,8,48895181
c1_13116,C,T,8,49071663
c2_44513,T,C,8,49187685
c2_52699,A,G,8,49493916
c2_52700,G,A,8,49493924
c2_52702,C,A,8,49518286
c2_53854,T,C,8,49620478
c2_49592,T,G,8,49785775
c2_49603,A,G,8,49813597
c2_49602,A,T,8,49813829
c2_52025,G,A,8,50044074
c2_34758,T,C,8,50149708
c1_10397,A,C,8,50310526
c2_34710,C,T,8,50368189
c2_34698,G,A,8,50386164
c2_34717,A,C,8,50543373
c2_36731,T,G,8,51029951
c2_36745,G,T,8,51098713
c2_36760,G,A,8,51192235
c2_36777,G,A,8,51253557
c2_36779,G,A,8,51263284
c2_36780,C,T,8,51263381
c2_36781,A,G,8,51263417
c2_48441,A,C,8,51358466
c2_48450,C,A,8,51456371
c2_48447,G,T,8,51488861
c2_56726,C,T,8,52189330
c2_19144,A,G,8,52270205
c2_19135,A,G,8,52333907
c2_19125,C,T,8,52375728
c2_19085,C,T,8,52453775
c2_19080,G,A,8,52490848
c2_19078,C,A,8,52491248
c2_19077,T,C,8,52492440
c1_6046,G,A,8,52576345
c2_57559,T,C,8,52630706
c2_19020,G,A,8,52712897
c2_19018,T,C,8,52714431
c1_10390,C,T,8,53149922
c1_10391,C,T,8,53149949
c2_34566,A,G,8,53217188
c1_10384,A,G,8,53250100
c2_34587,C,T,8,53326021
c2_34608,G,T,8,53386131
c2_34632,C,T,8,53456449
c2_34635,A,C,8,53457076
c2_34636,A,G,8,53457133
c2_34639,C,T,8,53457649
c2_34640,A,T,8,53459520
c1_8291,A,G,8,53929159
c2_26653,G,T,8,54286889
c1_8237,A,G,8,54357787
c1_16495,T,C,8,54454507
c1_5578,A,G,8,54677813
c1_5483,A,G,8,54751200
c1_5499,G,A,8,54831485
c2_16994,A,C,8,54835304
c2_16995,C,T,8,54835391
c2_16997,C,T,8,54837744
c2_16998,A,G,8,54838005
c2_16999,T,C,8,54838024
c1_5546,G,A,8,55016165
c1_5566,G,A,8,55137894
c1_5567,G,A,8,55137903
c1_5580,A,G,8,55161190
c1_5587,T,C,8,55187986
c2_17094,T,C,8,55254403
c2_17133,T,C,8,55513976
c1_5179,A,G,8,56057975
c1_8754,C,T,8,56333030
c2_28433,C,T,8,56382148
c1_8723,C,T,8,56575689
c1_8765,G,A,8,56753066
c1_8764,T,G,8,56753163
c1_8763,T,C,8,56753185
c2_28482,C,T,8,56780437
c2_28481,A,G,8,56780532
c2_28480,G,C,8,56781388
c2_28479,T,C,8,56781437
c2_28476,C,T,8,56782539
c2_28475,T,A,8,56783868
c1_8761,T,C,8,56785289
c1_8759,T,G,8,56785385
c2_3363,G,A,9,53924
c2_3358,T,A,9,128612
c1_1053,G,A,9,137894
c2_3323,G,A,9,197357
c2_3321,C,T,9,198490
c2_3318,G,A,9,198982
c1_1029,T,C,9,213976
c1_1019,T,C,9,348392
c1_1000,C,T,9,506457
c1_988,A,G,9,544137
c1_975,T,C,9,621941
c1_14392,G,A,9,739635
c1_14393,T,C,9,739884
c1_14394,C,T,9,739893
c2_48597,T,C,9,778420
c1_14370,T,C,9,816857
c2_39091,A,G,9,1002798
c2_39029,T,C,9,1199754
c2_39081,G,T,9,1376399
c2_39086,T,C,9,1377161
c1_3613,T,C,9,1556721
c2_11005,G,A,9,1958822
c2_10966,T,G,9,2024826
c1_3598,G,T,9,2080285
c1_3597,C,A,9,2081425
c1_3596,T,C,9,2081488
c2_10958,A,C,9,2082817
c2_11018,G,A,9,2471232
c2_10896,G,A,9,2531544
c2_32193,G,A,9,3185825
c1_9652,A,G,9,3371136
c2_4030,C,T,9,3619115
c2_4045,A,G,9,3710627
c1_1383,T,C,9,3845879
c1_1391,A,C,9,3869878
c1_1394,G,A,9,3872079
c2_4136,C,A,9,3996413
c2_4156,A,G,9,4089445
c2_4158,T,A,9,4091032
c2_4165,T,C,9,4119060
c1_1422,T,C,9,4336697
c2_4187,A,G,9,4358664
c1_1426,A,G,9,4373995
c2_4192,G,A,9,4386691
c2_3943,T,C,9,4793025
c2_3945,A,G,9,4793207
c2_3948,T,C,9,4793518
c2_3949,T,C,9,4793719
c2_3952,T,A,9,4801569
c2_3953,T,C,9,4801715
c2_3961,C,A,9,4882347
c2_3962,A,G,9,4889182
c2_3969,T,G,9,4893114
c2_3984,C,A,9,5032856
c2_3997,G,A,9,5130873
c1_10539,G,T,9,5326794
c2_35422,G,A,9,5468629
c1_10528,G,A,9,5494877
c2_52240,T,C,9,5790641
c2_52241,G,A,9,5790649
c2_13322,G,T,9,6062798
c2_13281,C,T,9,6277743
c2_13273,C,T,9,6333199
c1_4271,T,C,9,6389488
c2_13242,A,G,9,6414137
c1_4248,A,G,9,6577412
c2_13194,C,A,9,6579975
c2_13193,C,T,9,6580364
c2_13188,C,T,9,6599502
c2_13180,A,G,9,6722333
c2_13177,T,C,9,6722540
c1_4238,C,T,9,6726820
c1_4237,A,G,9,6755187
c2_13163,G,A,9,6770427
c1_4231,G,A,9,6773424
c2_13139,G,C,9,6982644
c2_13138,A,G,9,6982649
c2_13133,T,C,9,6983058
c1_4222,G,A,9,7147029
c1_15470,A,C,9,7427636
c2_50238,G,A,9,7882786
c2_50247,C,T,9,7900964
c2_52515,G,A,9,8043110
c2_52518,G,A,9,8043289
c2_52519,T,C,9,8043361
c2_52521,G,A,9,8043736
c2_52522,A,G,9,8051081
c2_46431,A,G,9,8359750
c1_13786,T,C,9,8474270
c2_4420,C,T,9,8660455
c1_1512,C,T,9,8794822
c2_54609,A,G,9,8882591
c2_49642,A,G,9,9656631
c2_31991,C,T,9,9727038
c2_55129,G,A,9,10235747
c2_49764,T,C,9,10352719
c1_14668,C,T,9,10353176
c1_14676,G,A,9,10414891
c1_14674,A,G,9,10415002
c1_14669,T,C,9,10451737
c1_15780,C,T,9,10511206
c2_58234,A,C,9,11226418
c1_7530,G,A,9,11460409
c2_23449,A,G,9,11720990
c2_38526,C,T,9,12280244
c2_46028,C,T,9,12790782
c2_46029,T,C,9,12790816
c2_46030,C,T,9,12795763
c2_4381,A,G,9,12951888
c2_4383,T,C,9,12952003
c2_4391,C,T,9,13304468
c2_4400,A,C,9,13621663
c2_33625,A,G,9,14852854
c2_33626,A,G,9,14853028
c2_33627,G,A,9,14853083
c1_9490,T,G,9,15572748
c2_31383,G,A,9,15761159
c2_549,C,A,9,16527499
c2_54998,G,A,9,17394134
c2_566,T,C,9,17853890
c1_449,C,T,9,18826247
c2_1916,C,G,9,19232127
c2_1918,T,A,9,19232397
c2_1908,C,T,9,19487287
c2_57401,T,C,9,21044695
c1_8212,A,C,9,21192684
c2_26517,C,A,9,21264610
c2_26516,C,T,9,21264794
c2_26515,T,C,9,21264861
c2_26509,A,G,9,21407743
c2_26504,G,A,9,21610960
c2_19537,T,C,9,23230341
c2_57324,T,C,9,24775960
c1_958,A,G,9,28754299
c2_3205,C,A,9,29070318
c2_16314,G,A,9,30812573
c1_5217,T,C,9,31049156
c2_16275,G,C,9,31521212
c2_22761,C,A,9,31630431
c2_57542,G,A,9,31784448
c2_56692,G,A,9,31988498
c2_22758,T,C,9,32236211
c2_1511,G,A,9,32567149
c2_55124,T,C,9,32588719
c2_1514,T,C,9,32671957
c2_1483,T,C,9,33680215
c2_1484,C,A,9,33681088
c2_1486,C,A,9,33681501
c1_364,A,G,9,33741791
c2_1493,T,C,9,34912758
c2_4200,T,C,9,35649402
c2_4205,A,G,9,35822502
c1_211,T,C,9,36041036
c1_212,C,T,9,36524095
c2_681,A,G,9,36646088
c1_216,C,A,9,37335897
c2_689,G,A,9,38266787
c2_701,C,T,9,38648276
c2_58247,A,C,9,40414635
c2_58248,G,A,9,40416291
c2_58249,T,C,9,40416304
c2_20473,C,T,9,43780085
c2_56168,C,T,9,43864160
c2_20464,A,C,9,43997824
c2_20479,T,C,9,44405128
c1_8013,T,C,9,44621057
c2_27658,T,G,9,44957023
c2_27650,T,C,9,45196976
c2_27644,T,C,9,45198857
c2_27643,T,C,9,45199246
c2_27635,C,A,9,45572164
c2_12770,C,T,9,45642240
c2_12758,C,T,9,45788396
c2_12761,G,A,9,45951002
c1_4076,T,C,9,45953920
c2_12779,C,A,9,46084463
c2_12780,G,A,9,46084745
c2_12783,T,C,9,46131123
c2_12784,C,A,9,46131193
c2_12787,G,T,9,46132441
c2_12788,A,G,9,46132485
c1_4083,A,G,9,46134887
c1_4084,C,T,9,46135003
c1_4086,C,T,9,46135330
c1_4087,A,C,9,46138122
c1_4088,G,A,9,46138203
c1_4089,A,C,9,46138882
c1_4090,T,C,9,46138944
c2_12790,G,A,9,46139772
c2_12781,C,A,9,46148139
c2_12782,A,C,9,46148187
c2_12807,C,A,9,46288720
c2_44824,G,A,9,46683467
c2_44821,G,A,9,46685133
c2_44820,T,A,9,46685159
c2_44819,A,G,9,46685162
c2_44815,C,A,9,46687355
c2_44804,A,C,9,46744528
c1_13612,A,G,9,46837871
c2_45887,A,G,9,47187905
c2_45886,C,T,9,47200447
c1_12798,G,T,9,47458102
c1_12797,C,T,9,47458361
c1_6166,C,A,9,47918632
c2_19556,C,T,9,48069790
c1_6183,C,A,9,48173462
c1_13515,G,A,9,48611285
c2_45570,C,A,9,48721662
c1_13996,A,G,9,49453657
c1_16459,A,G,9,49537802
c2_51155,G,A,9,49754441
c2_39499,C,A,9,49977704
c2_39509,C,T,9,50174507
c2_14635,A,T,9,50366655
c2_14636,T,G,9,50367159
c2_14637,G,A,9,50367228
c2_14640,C,T,9,50367678
c2_52544,G,A,9,50435563
c2_52543,A,C,9,50464344
c1_11777,T,C,9,50806427
c1_11907,T,C,9,51386555
c2_4196,C,T,9,51565563
c1_1425,T,C,9,51578211
c2_4127,C,T,9,51611870
c2_4034,A,G,9,51643098
c1_16413,C,T,9,51888213
c1_16414,A,G,9,51888503
c2_40883,G,A,9,51989783
c2_40879,C,A,9,52027191
c2_40867,A,G,9,52135021
c2_40858,A,G,9,52147350
c2_40848,G,A,9,52148880
c2_43032,G,A,9,52446019
c2_43049,G,A,9,52452548
c2_42961,G,A,9,52503159
c2_42964,C,A,9,52519931
c2_27054,C,T,9,52799014
c2_27003,C,T,9,52996314
c2_26979,A,G,9,53091476
c2_26948,A,G,9,53185953
c2_26945,C,T,9,53196614
c1_15717,T,C,9,53315931
c1_12178,G,T,9,53687100
c2_54325,A,G,9,53858653
c2_21992,C,T,9,54060817
c2_21999,C,T,9,54117387
c2_22024,A,G,9,54194311
c2_22040,T,G,9,54392089
c2_22070,A,C,9,54571620
c2_46790,T,C,9,54929223
c2_46779,C,A,9,54956475
c2_46777,C,A,9,54965286
c2_46776,G,A,9,54976074
c1_13883,G,C,9,54976154
c2_46797,C,T,9,55038965
c2_46796,T,C,9,55039035
c1_13886,C,T,9,55051108
c2_29415,A,C,9,55087556
c2_29945,G,A,9,55948860
c2_30008,C,A,9,56184931
c2_20714,A,G,9,56448487
c2_13969,G,A,9,56466455
c1_6571,A,G,9,56563935
c1_6556,C,T,9,56659770
c2_20618,A,G,9,56876796
c2_20589,G,A,9,56940939
c2_20698,A,G,9,57006811
c2_20640,C,T,9,57134490
c1_11853,A,G,9,57346489
c1_11867,G,C,9,57421047
c1_11866,C,T,9,57422065
c2_40084,A,G,9,57423119
c2_43242,A,T,9,57779733
c2_43243,A,C,9,57779841
c2_3079,A,G,9,58240294
c1_914,A,G,9,58272671
c2_3042,G,A,9,58533003
c2_3021,G,A,9,58582477
c2_3073,C,T,9,58956854
c2_2992,G,A,9,58997370
c2_48042,G,A,9,59139277
c2_48041,T,C,9,59300365
c1_16106,A,C,9,59475851
c2_56418,A,C,9,60182931
c1_10579,G,A,9,60562325
c1_8566,G,A,9,61051598
c1_8560,G,A,9,61075452
c1_8549,A,C,9,61209710
c2_27699,T,C,9,61320303
c1_8574,G,A,9,61465842
c2_27765,C,T,9,61466136
c2_27764,T,C,9,61466189
c2_27763,A,T,9,61466237
c2_27762,G,A,9,61466245
c2_1296,A,G,10,139451
c1_305,T,C,10,339062
c1_307,G,A,10,339749
c1_329,G,T,10,565197
c2_1305,A,T,10,593933
c1_335,A,C,10,706568
c2_1475,G,A,10,1121595
c2_826,G,A,10,1204144
c2_944,T,C,10,1691574
c2_984,A,G,10,1759258
c1_16111,C,T,10,2091733
c2_1066,G,T,10,2218157
c2_1093,T,C,10,2352583
c2_1097,A,G,10,2353088
c2_1098,T,G,10,2353098
c2_1102,G,A,10,2356573
c2_1103,T,C,10,2356599
c1_287,A,T,10,2357803
c1_289,C,T,10,2468562
c2_1155,T,C,10,2487178
c2_1157,T,C,10,2487346
c2_1181,T,C,10,2532943
c2_1220,G,A,10,2666937
c2_1263,A,G,10,2741776
c1_10351,G,A,10,3340707
c2_34447,C,T,10,3569297
c2_34459,T,C,10,3608967
c2_54140,G,A,10,3789697
c2_54124,T,C,10,3821839
c2_54122,T,C,10,3823854
c2_54116,C,A,10,3830247
c2_44249,C,T,10,3908588
c2_44264,C,T,10,3988349
c2_44266,T,C,10,3991078
c2_24711,C,T,10,4449324
c1_7793,G,A,10,4622583
c2_24747,C,T,10,4622745
c1_7801,T,C,10,4662747
c1_7803,C,T,10,4663315
c1_7805,A,C,10,4663515
c2_57296,G,T,10,4816432
c1_12588,A,G,10,5026436
c2_42733,G,T,10,5182178
c1_12584,T,C,10,5232221
c2_46921,T,C,10,5681818
c1_11801,A,G,10,5989940
c1_11802,T,C,10,5992157
c1_11804,T,C,10,5992298
c2_32790,C,A,10,6306500
c2_32739,C,T,10,6335907
c2_32740,G,A,10,6336014
c1_9799,G,T,10,6439438
c2_32768,G,A,10,6571951
c2_40523,C,T,10,14785936
c2_47,C,A,10,18124336
c2_15658,A,G,10,18710197
c1_14053,A,G,10,20101484
c1_16651,A,G,10,20126251
c2_55085,A,G,10,20334943
c2_1905,A,G,10,23213420
c2_52793,C,A,10,23430316
c2_1898,T,G,10,23961414
c2_9028,C,T,10,27698760
c1_3052,T,C,10,29642643
c1_3051,A,C,10,29740160
c1_13682,G,A,10,30096205
c2_46144,T,G,10,30116697
c1_7,A,G,10,32251718
c2_45,C,A,10,32527590
c2_37,G,A,10,32862744
c2_34,G,A,10,33235473
c1_1,C,T,10,33993379
c2_63,T,C,10,34302921
c2_18265,A,G,10,36225437
c1_6068,C,T,10,38385178
c2_19223,T,C,10,38722264
c2_19224,T,A,10,38723283
c2_33008,A,G,10,39738068
c2_33005,G,A,10,39751153
c1_2673,G,A,10,42450489
c2_7747,G,A,10,43000239
c2_38274,A,C,10,43663898
c2_38273,C,T,10,43666116
c2_11679,C,A,10,44059940
c2_48928,G,A,10,45169357
c2_48927,G,A,10,45169473
c2_48926,C,T,10,45274006
c2_40833,T,G,10,45898747
c2_40831,G,C,10,45944363
c1_12027,C,T,10,45944648
c1_12026,A,G,10,45944663
c1_12023,C,T,10,45944804
c1_12022,A,C,10,45944879
c2_40822,T,G,10,45945875
c2_41396,T,C,10,46406260
c2_41395,T,A,10,46413142
c2_41393,T,A,10,46413302
c2_41391,T,C,10,46427765
c2_56515,A,G,10,46704551
c2_56514,A,C,10,46705264
c2_40766,G,A,10,47108452
c2_40765,G,A,10,47108897
c2_40764,A,G,10,47109411
c2_40763,G,A,10,47109426
c2_40762,G,A,10,47116416
c2_40760,T,C,10,47116772
c1_16001,A,C,10,47539878
c1_13526,A,C,10,48020996
c2_45603,C,T,10,48073593
c1_13524,T,C,10,48074905
c2_45600,T,C,10,48130882
c1_13530,G,A,10,48149399
c2_45616,T,C,10,48165825
c2_45611,G,A,10,48203431
c2_45606,C,T,10,48218826
c2_25510,T,C,10,48679881
c1_16351,T,C,10,48761642
c2_25471,T,C,10,48808404
c2_25469,C,T,10,48808653
c1_8021,G,A,10,48862950
c1_8019,A,G,10,48863165
c1_15594,C,A,10,50187264
c1_15590,G,A,10,50189383
c2_27806,A,G,10,50615253
c2_27808,C,T,10,50615474
c2_27821,T,C,10,50649574
c2_27831,C,T,10,50806407
c1_9492,T,G,10,50947502
c2_45692,A,G,10,51357104
c2_45686,C,A,10,51360322
c2_51301,A,G,10,51725970
c2_53949,A,C,10,51904174
c2_53948,C,T,10,51909193
c2_53947,A,C,10,51926657
c2_53946,T,C,10,51926832
c2_53945,A,T,10,51927288
c2_53943,C,A,10,51927945
c2_51083,C,T,10,52002272
c1_15218,T,C,10,52262224
c2_51215,T,G,10,52656103
c2_51202,A,G,10,52681270
c1_10295,T,G,10,53164109
c1_10297,T,C,10,53166656
c1_11319,A,G,10,53648500
c1_4990,C,T,10,55066508
c2_15528,T,A,10,55287524
c2_15529,G,A,10,55287582
c2_15530,A,G,10,55287654
c2_15533,C,T,10,55288428
c1_5029,C,A,10,55432134
c2_15603,C,T,10,55609609
c1_14236,G,A,10,55946697
c2_48130,T,C,10,55946835
c2_48127,C,T,10,55968104
c1_9027,G,A,10,56116729
c1_9056,C,T,10,56194480
c1_9058,A,G,10,56301672
c2_29739,C,T,10,56303368
c1_9060,A,G,10,56310959
c2_29743,A,G,10,56319774
c2_29744,T,C,10,56321357
c2_29745,A,G,10,56321366
c2_29767,C,A,10,56448463
c1_12644,C,T,10,56723338
c2_44154,G,A,10,56952965
c2_44153,G,A,10,56953207
c1_12981,G,A,10,56985771
c1_7165,T,C,10,57307068
c1_7187,G,A,10,57468777
c1_7192,A,G,10,57479655
c1_7227,G,A,10,57709979
c2_22744,C,T,10,57837250
c2_49018,G,A,10,58007394
c2_45256,A,G,10,58295890
c2_45245,C,T,10,58303739
c2_45242,C,T,10,58304153
c2_45240,T,C,10,58304255
c2_28761,C,A,10,58636715
c2_28740,C,T,10,58766569
c2_28725,G,T,10,58835264
c2_28697,C,T,10,58885773
c2_41693,A,G,10,59177759
c1_12220,G,T,10,59236087
c1_12234,C,T,10,59403404
c1_12236,A,G,10,59445183
c1_13243,C,T,10,59608971
c2_45023,C,A,10,59663750
c2_44766,C,A,11,121583
c2_44712,G,A,11,175478
c2_13350,C,T,11,437208
c2_13355,G,A,11,437672
c1_4296,G,A,11,616220
c2_13419,G,A,11,761409
c2_13431,A,T,11,788222
c2_13432,T,C,11,789955
c1_4328,C,T,11,940359
c1_4347,C,T,11,1163793
c2_37227,A,C,11,1612650
c1_16552,A,G,11,1667074
c1_11100,C,T,11,1717451
c2_37185,C,T,11,1743782
c2_37194,G,A,11,1771819
c2_37201,G,A,11,1775392
c1_10069,A,G,11,2259927
c2_33657,C,T,11,2274063
c2_33635,C,T,11,2362124
c2_33683,T,C,11,2464067
c2_33678,C,T,11,2464166
c1_2181,G,A,11,2568114
c1_2162,C,T,11,2580985
c2_6002,A,T,11,2725104
c2_6000,A,G,11,2725245
c2_5974,G,T,11,2814590
c1_2139,G,A,11,2815835
c2_5966,A,G,11,2832278
c2_5960,A,G,11,2854841
c2_5957,C,T,11,2855044
c2_6185,T,G,11,3572445
c2_6108,C,T,11,3886505
c2_6100,G,A,11,3887589
c2_6035,C,T,11,3895011
c1_2314,A,G,11,3928601
c1_2280,A,G,11,3948374
c1_2209,C,T,11,4001281
c2_37638,G,A,11,4553298
c1_16301,C,T,11,4681805
c1_11246,A,G,11,4745919
c2_57429,G,T,11,4851523
c2_20944,A,C,11,5048824
c2_20945,C,A,11,5050102
c2_20946,A,G,11,5051415
c2_20948,T,C,11,5051572
c2_21020,A,G,11,5330920
c2_57917,T,C,11,5647945
c1_6646,C,T,11,5706645
c2_23915,A,G,11,5977340
c2_23923,A,G,11,6017871
c2_23929,A,G,11,6098398
c2_23942,C,G,11,6263435
c2_23943,A,T,11,6263603
c2_23958,C,T,11,6278396
c2_23975,A,C,11,6415427
c2_23987,A,G,11,6480636
c2_23988,A,G,11,6480977
c1_15787,G,A,11,6943511
c2_2896,T,C,11,7479525
c2_12368,G,A,11,8096420
c2_12333,C,A,11,8281368
c2_12267,T,G,11,8767960
c2_12252,A,G,11,8882224
c2_12297,C,T,11,9025340
c1_3992,A,T,11,9055733
c2_12259,T,C,11,9057019
c2_49313,G,A,11,9271305
c2_49312,A,G,11,9271438
c2_49310,C,T,11,9272495
c2_49306,C,T,11,9296905
c2_53676,C,T,11,9376833
c2_53684,T,C,11,9379884
c1_15657,C,T,11,9380268
c1_15658,T,C,11,9380301
c2_33002,A,G,11,9631209
c2_32977,T,C,11,9735441
c2_32954,C,T,11,10212062
c2_56633,C,T,11,10339730
c2_56632,T,G,11,10339847
c2_56631,A,G,11,10340099
c2_56630,T,G,11,10340256
c2_56629,C,T,11,10340480
c2_56628,G,C,11,10340531
c2_56627,T,C,11,10340676
c2_56626,G,A,11,10341806
c2_32339,A,T,11,10396445
c2_32341,C,A,11,10396503
c2_57106,G,A,11,10505697
c2_57107,C,T,11,10505722
c2_33916,G,A,11,10773884
c2_33917,C,T,11,10852080
c2_29087,T,C,11,11085125
c2_29088,G,A,11,11085137
c2_29096,G,A,11,11089025
c2_37580,G,A,11,12608559
c2_37586,G,A,11,12776731
c1_11237,G,A,11,12783655
c2_11362,C,T,11,13356299
c2_11366,G,A,11,13357766
c2_11369,G,A,11,13357960
c2_19465,A,G,11,14503479
c2_55035,G,T,11,14775651
c2_55038,C,T,11,14780397
c1_16141,C,T,11,15346701
c1_16325,A,C,11,15481499
c1_12160,T,C,11,16140733
c1_5716,C,T,11,16786403
c2_17332,C,T,11,16932537
c1_16555,G,A,11,18371142
c2_44941,G,A,11,18709475
c2_4962,A,G,11,19450793
c2_4958,T,C,11,19458666
c2_4993,C,T,11,20024572
c2_4989,C,T,11,20352955
c1_1781,G,A,11,20362789
c1_1779,C,T,11,20362887
c1_1778,G,A,11,20363077
c1_1774,T,C,11,20379761
c2_4986,T,C,11,20391613
c2_4979,G,A,11,20700395
c2_4978,C,A,11,20780633
c2_4957,C,T,11,20897824
c1_5410,G,A,11,22190676
c1_5412,C,T,11,22214093
c2_44637,C,T,11,24838624
c2_44635,G,A,11,24838965
c2_44634,G,T,11,24839121
c2_44633,T,G,11,24847366
c1_5936,A,G,11,26809907
c2_18245,C,T,11,27158611
c2_2968,A,G,11,27852552
c1_16585,G,A,11,27940185
c2_57617,C,T,11,27944708
c2_2957,G,A,11,28602050
c2_18524,C,T,11,28796330
c2_18526,T,C,11,28912985
c1_14951,A,C,11,29862902
c2_50979,G,A,11,29873006
c2_50977,T,C,11,30164460
c2_4227,G,A,11,30591766
c1_1470,G,A,11,31047078
c1_1468,G,A,11,31193793
c2_4280,G,A,11,31367087
c2_4276,G,A,11,31440813
c2_4275,G,A,11,31440982
c2_4230,G,T,11,31645508
c2_53718,A,C,11,31857080
c1_10900,A,G,11,31998045
c2_36587,G,T,11,32113524
c2_36581,A,G,11,32152506
c2_29435,T,C,11,32948117
c2_41086,T,C,11,33595761
c2_41083,A,C,11,33596727
c2_50332,G,A,11,33927332
c2_44269,G,A,11,34271606
c2_31439,T,C,11,34425536
c2_31472,A,C,11,34589918
c1_9499,C,A,11,34592587
c2_31484,A,G,11,34617372
c2_31483,T,G,11,34617607
c2_55963,A,G,11,35100322
c2_46858,C,T,11,35196029
c1_4359,T,C,11,35737669
c2_13590,C,T,11,35897668
c2_13593,G,A,11,35913857
c2_13594,C,A,11,35920167
c1_4371,T,C,11,36021604
c2_13628,G,T,11,36544050
c2_13629,A,G,11,36544088
c2_13632,A,G,11,36545905
c2_13633,C,T,11,36564532
c2_13636,A,C,11,36652714
c2_56243,C,T,11,36853907
c2_56247,C,T,11,36865542
c2_51548,A,G,11,37256594
c2_51546,C,T,11,37281500
c2_51545,C,T,11,37281577
c2_51544,A,G,11,37282351
c2_52874,T,C,11,37404275
c2_56320,T,C,11,38030982
c2_49808,G,A,11,38102798
c2_49812,A,G,11,38103972
c1_4824,C,T,11,38167649
c1_4822,G,A,11,38231783
c2_14950,G,A,11,38233102
c2_14948,T,C,11,38233533
c2_14946,T,C,11,38233939
c2_3823,C,A,11,38992151
c1_1318,C,T,11,39410461
c2_3873,G,T,11,39420222
c1_1331,T,C,11,39748931
c2_3680,G,A,11,39908878
c2_3682,A,T,11,39910324
c2_3683,A,G,11,39911606
c2_3684,A,C,11,39911672
c2_3685,G,A,11,39911746
c1_1264,G,A,11,40194139
c2_3737,C,T,11,40397444
c2_3739,C,T,11,40397730
c1_1271,G,A,11,40432650
c2_3805,T,C,11,40540427
c2_22165,A,C,11,40696334
c1_6964,G,A,11,40716591
c2_22183,A,C,11,40773965
c2_22186,T,A,11,40777303
c2_22187,G,A,11,40777537
c2_22188,G,T,11,40777610
c2_22189,T,C,11,40777853
c2_22205,T,C,11,40845905
c2_22219,C,T,11,40874444
c2_15388,G,A,11,41349992
c1_4951,A,G,11,41448369
c1_4949,A,G,11,41448481
c1_4947,T,C,11,41448860
c2_15342,T,A,11,41585438
c2_15341,T,C,11,41585498
c2_15337,T,C,11,41585906
c2_15336,C,T,11,41585984
c2_15334,A,G,11,41587492
c2_15333,T,A,11,41587582
c2_15332,T,G,11,41587659
c2_15331,G,T,11,41587672
c1_4926,G,T,11,41603249
c1_4925,A,G,11,41603306
c2_15268,A,G,11,42278941
c1_9183,C,T,11,42627957
c2_39912,A,G,11,43204115
c1_11815,G,T,11,43282911
c2_31579,T,C,11,43938034
c2_43865,G,A,11,44295451
c2_43880,G,A,11,44313651
c2_43886,C,A,11,44337734
c2_51273,A,G,11,44683272
c2_34229,T,C,11,44992714
c1_10252,A,G,11,45059903
c1_10253,A,C,11,45060118
c1_10255,G,A,11,45084755
c2_34191,C,A,11,45085309
c2_34192,C,T,11,45085811
c2_34194,T,C,11,45086118
c2_34195,A,T,11,45086171
c2_34197,G,A,11,45086408
c2_34199,A,G,11,45092134
c2_34200,G,A,11,45092159
c2_34203,A,G,11,45092249
c2_34204,A,C,11,45092525
c1_10269,C,T,11,45129508
c2_34219,T,C,11,45208284
c1_7766,T,C,12,239176
c1_7765,G,A,12,239191
c2_24563,G,A,12,243727
c2_24560,C,A,12,244316
c2_24558,C,T,12,244619
c2_24557,C,T,12,244631
c2_24556,A,G,12,244664
c2_24535,T,C,12,279074
c1_7754,T,C,12,360816
c2_24466,G,T,12,441721
c2_24454,T,C,12,459353
c2_24432,G,A,12,502211
c1_7744,C,T,12,530723
c1_15641,A,G,12,823935
c1_15642,A,G,12,823953
c2_25372,C,T,12,1324476
c1_8002,C,A,12,1511064
c2_16200,C,T,12,1882622
c2_16182,G,A,12,1951258
c2_16170,T,C,12,1972521
c2_16169,G,T,12,1972560
c1_5198,C,T,12,2217453
c2_43774,T,C,12,3089924
c1_12895,C,T,12,3145554
c2_27930,A,T,12,3553557
c2_27962,A,C,12,3747051
c1_8631,A,G,12,3749168
c1_8632,G,T,12,3749334
c1_8635,C,T,12,3750917
c2_28012,T,C,12,3928951
c2_31336,G,A,12,4043933
c2_31301,T,C,12,4189099
c2_31247,T,C,12,4322254
c2_49199,G,A,12,4899142
c2_49206,G,A,12,4906893
c2_49209,G,T,12,4907175
c1_14538,G,A,12,4931971
c1_13767,C,T,12,5379440
c1_7770,T,C,12,6701031
c2_34776,T,G,12,7863519
c2_34807,G,A,12,8030835
c2_34762,A,G,12,8063612
c2_53924,A,G,12,8578995
c2_57680,C,A,12,9018198
c2_48900,A,G,12,9131605
c2_3185,C,A,12,9518067
c2_3255,G,A,12,9550446
c2_32120,C,T,12,9753263
c2_32437,A,G,12,10128013
c1_9646,G,A,12,10204865
c2_27387,C,T,12,10524987
c2_27397,T,A,12,10674668
c2_27414,C,T,12,10694804
c2_44932,T,C,12,11740317
c2_44928,G,A,12,11740934
c2_44926,C,T,12,11741117
c2_52691,A,G,12,12034745
c2_40751,T,C,12,12476319
c2_40748,C,T,12,12654160
c2_40745,G,A,12,12655349
c1_14577,T,C,12,12834376
c2_16286,A,G,12,13248515
c2_16294,A,G,12,13267302
c2_16298,G,A,12,13270097
c2_16300,T,C,12,13270208
c2_16302,A,G,12,13271474
c1_403,G,T,12,13617956
c2_14411,G,T,12,14689798
c2_21336,T,C,12,14931696
c2_45743,A,G,12,15695850
c1_14767,G,A,12,18919522
c1_8913,G,A,12,19181173
c2_53383,G,A,12,20336319
c2_48391,T,C,12,20492079
c2_56163,G,A,12,20520046
c1_5458,A,C,12,21202779
c2_16915,C,T,12,21327580
c1_5468,C,T,12,21526751
c2_16930,C,A,12,21708079
c2_10047,A,G,12,22237923
c1_3326,C,T,12,22905890
c2_58209,C,A,12,24386302
c2_58210,G,T,12,24386342
c1_16695,C,T,12,24386805
c1_16696,A,G,12,24386878
c1_8914,T,C,12,25841735
c2_29304,T,C,12,25904593
c2_40524,A,G,12,26157851
c2_50137,C,T,12,27416356
c2_50136,G,A,12,27416459
c2_27921,A,G,12,28906171
c1_13066,G,T,12,30582910
c2_57161,T,C,12,32522905
c2_41100,G,A,12,33853219
c2_4214,A,G,12,35283808
c2_27788,C,T,12,35538152
c2_27773,G,A,12,35653224
c1_8581,G,A,12,35675934
c2_5951,A,G,12,37123274
c2_45819,G,A,12,39794642
c2_45807,G,A,12,40126341
c2_45808,G,T,12,40126394
c2_45811,A,G,12,40126773
c2_19722,C,T,12,41670282
c2_13951,G,A,12,43525699
c1_4502,A,G,12,43554547
c1_10054,T,C,12,45972706
c2_21077,G,A,12,46657785
c2_53205,G,A,12,47233586
c2_51049,C,A,12,48167367
c2_51046,C,T,12,48177592
c2_51047,T,G,12,48177610
c2_49683,C,T,12,48605748
c1_14396,T,C,12,48732241
c2_48687,G,A,12,48851340
c2_48008,G,A,12,49624425
c2_48010,G,A,12,49624443
c2_48013,T,C,12,49625421
c1_14197,A,G,12,49660431
c2_43152,C,T,12,49994628
c1_12702,C,A,12,50137237
c2_17615,T,A,12,50382493
c1_5784,A,G,12,50393752
c2_17752,G,A,12,50570348
c1_14870,T,C,12,50896643
c1_14869,A,G,12,50896655
c2_18788,G,A,12,51251244
c1_6004,T,C,12,51251314
c2_18791,G,A,12,51258447
c2_18822,A,G,12,51561780
c1_16588,C,T,12,51615529
c1_6006,T,C,12,51728044
c2_18825,T,C,12,51732789
c2_18836,G,A,12,51862256
c2_18842,C,T,12,51886194
c2_18848,C,T,12,51908158
c2_18855,G,A,12,51931824
c2_52568,A,C,12,51963149
c2_52567,T,C,12,51963155
c2_52555,G,T,12,52029300
c2_42328,C,A,12,52418813
c1_12406,G,A,12,52568003
c2_57478,T,C,12,52956364
c1_7495,T,C,12,53048469
c2_23320,G,A,12,53052450
c2_23284,A,G,12,53304636
c2_23250,A,G,12,53642804
c2_23259,C,T,12,53792521
c2_23256,C,A,12,53792920
c2_23252,C,A,12,53793673
c2_23251,T,G,12,53793893
c2_23239,C,A,12,53797808
c1_11644,A,G,12,54173482
c2_39411,G,A,12,54234641
c2_39392,C,A,12,54259898
c2_50824,T,C,12,54479773
c2_50816,G,A,12,54542074
c2_48482,A,G,12,54727908
c2_48483,G,A,12,54727971
c2_32522,G,A,12,55185750
c2_32466,C,A,12,55216911
c2_32467,C,T,12,55220113
c2_32498,T,C,12,55411765
c2_32082,T,C,12,55723634
c2_32077,C,T,12,55762243
c1_2352,A,G,12,55861912
c1_2366,G,T,12,56641178
c1_2333,A,G,12,56878727
c2_7918,G,A,12,57275841
c2_7919,A,G,12,57276056
c1_2718,G,A,12,57349369
c1_2727,G,A,12,57468357
c2_8037,T,C,12,57705706
c1_2689,T,C,12,58047342
c1_15889,A,G,12,58824667
c2_46213,G,A,12,59129520
c1_13697,C,A,12,59132286
c2_5356,G,A,12,59566196
c1_1944,A,G,12,59760444
c1_1923,C,T,12,59870038
c2_5307,A,G,12,59872236
c2_5713,T,A,12,59957346
c1_1985,T,C,12,60307321
c2_5474,A,G,12,60707179
c2_5461,A,G,12,60754698
c2_5458,A,G,12,60754928
c2_5443,A,G,12,60816800
c2_5440,A,G,12,61086761
c1_16129,A,C,12,61141829
c1_16131,C,T,12,61148389
