Markers,Ref,Alt,Chrom,Position
PotVar0000693,A,G,0,805179
PotVar0003381,G,A,0,1252430
PotVar0004919,T,C,0,3499519
PotVar0009402,T,G,0,3810687
PotVar0009518,C,T,0,3810936
PotVar0011967,T,C,0,3812796
PotVar0013242,A,G,0,5631884
PotVar0013544,T,C,0,5896515
PotVar0014780,G,A,0,7042046
PotVar0016381,G,A,1,8842199
PotVar0017033,G,A,1,9488448
PotVar0017711,T,G,1,9504106
PotVar0018833,T,G,1,11348727
PotVar0025637,T,C,1,11349122
PotVar0030040,G,A,1,12342773
PotVar0033250,T,C,1,12370125
PotVar0033749,G,T,1,12390651
PotVar0033759,T,C,1,12398004
PotVar0035492,C,T,1,12428230
PotVar0038759,C,T,1,12428515
PotVar0041442,G,A,2,12432076
PotVar0041640,T,A,2,12432471
PotVar0041641,C,T,2,12516015
PotVar0044791,A,G,2,12613969
PotVar0046886,G,C,2,13869853
PotVar0047139,G,A,2,13881614
PotVar0047452,T,C,2,13957350
PotVar0048360,T,C,2,17518620
PotVar0049728,G,A,2,18164321
PotVar0049961,C,G,2,18170692
PotVar0050316,G,A,2,18407907
PotVar0050425,T,C,2,18408211
PotVar0051186,C,T,2,18408369
PotVar0051636,A,G,3,21613092
PotVar0052403,C,T,3,23352635
PotVar0052458,C,T,3,23352986
PotVar0052466,C,T,3,31391348
PotVar0052647,T,C,3,31443701
PotVar0053855,A,G,3,31443812
PotVar0055189,T,C,3,32655517
PotVar0055313,T,C,3,32784194
PotVar0056138,A,G,3,32784404
PotVar0057404,A,G,3,32784424
PotVar0061619,C,T,3,32784559
PotVar0062516,T,G,3,32789534
PotVar0063907,G,A,3,34195406
PotVar0066020,T,G,3,36454137
PotVar0068219,T,G,4,251132
PotVar0070095,T,G,4,253077
PotVar0075285,G,T,4,269400
PotVar0077733,C,T,4,309342
PotVar0081766,T,C,4,481295
PotVar0081976,A,C,4,534626
PotVar0083833,T,C,4,535454
PotVar0084491,C,T,4,559640
PotVar0085444,T,C,4,817205
PotVar0085756,G,T,4,1838864
PotVar0089524,C,T,4,2068305
PotVar0090798,A,G,4,2589296
PotVar0093241,A,T,4,2591141
PotVar0095309,C,A,4,2822433
PotVar0095583,A,T,4,2956117
PotVar0095800,G,A,4,2956294
PotVar0096221,G,A,4,2957398
PotVar0098253,A,G,4,2958410
PotVar0098902,T,C,4,3296181
PotVar0099087,C,A,4,3693421
PotVar0100961,A,G,4,3716735
PotVar0102188,T,G,4,4013257
PotVar0102388,T,A,4,4258102
PotVar0103341,A,C,4,4258451
PotVar0104642,C,T,4,4258490
PotVar0107048,A,G,4,4262027
PotVar0107313,G,A,5,4262991
PotVar0107545,G,A,5,4309411
PotVar0109902,C,T,5,4686764
PotVar0110252,G,A,5,5079220
PotVar0113447,C,T,5,5291766
PotVar0114022,A,C,5,5347312
PotVar0114483,T,C,5,5380841
PotVar0115272,G,A,5,5386865
PotVar0115407,T,C,5,5431075
PotVar0117397,C,T,5,5498171
PotVar0117430,C,T,5,5502048
PotVar0119495,C,T,5,5523061
PotVar0120399,A,G,5,6071374
PotVar0120897,C,T,5,6071398
PotVar0121549,A,G,5,6071776
PotVar0122476,G,A,5,6071917
PotVar0122846,T,C,6,6143327
PotVar0125019,T,C,6,6295542
PotVar0125323,C,A,6,6303560
PotVar0126768,G,A,6,6303615
PotVar0127146,A,C,6,6340020
PotVar0127173,G,A,6,6587872
PotVar0128371,G,A,6,7165230
PotVar0129450,C,A,6,7165940
PotVar0131622,T,G,6,7447660
PotVar0132128,A,G,6,11742717
PotVar0132983,T,C,6,11769718
