NAME,TRAITX
MLV19-15054,0.398836658569053
MLV19-15001,0.516868776408955
MLV19-15002,0.553442283067852
MLV19-15003,0.82806486194022
MLV19-15004,0.25564471213147
MLV19-15005,0.376107906922698
MLV19-15006,0.00392514327540994
MLV19-15007,0.43408823478967
MLV19-15008,0.408645884832367
MLV19-15009,0.0831367741338909
MLV19-15010,0.811740823090076
MLV19-15011,0.781256090616807
MLV19-15012,0.265443252632394
MLV19-15013,0.756827228004113
MLV19-15014,0.369050166103989
MLV19-15015,0.829829151043668
MLV19-15016,0.27109294035472
MLV19-15017,0.061610430246219
MLV19-15018,0.679969526361674
MLV19-15019,0.832023809896782
MLV19-15020,0.135980468476191
MLV19-15021,0.326079106424004
MLV19-15022,0.53682910441421
MLV19-15023,0.317916647763923
MLV19-15024,0.666610417421907
MLV19-15025,0.529794376576319
MLV19-15026,0.856133331311867
MLV19-15027,0.603761510690674
MLV19-15028,0.488751586060971
MLV19-15029,0.442558382404968
MLV19-15030,0.174056373070925
MLV19-15031,0.184419955592602
MLV19-15032,0.988224576460198
MLV19-15033,0.805501253576949
MLV19-15035,0.418233388336375
MLV19-15036,0.137133904499933
MLV19-15037,0.493244284763932
MLV19-15038,0.41753367590718
MLV19-15039,0.435313200810924
MLV19-15040,0.814610673813149
MLV19-15041,0.89139495161362
MLV19-15043,0.486294307513162
MLV19-15044,0.976696772035211
MLV19-15045,0.805374720366672
MLV19-15046,0.120586693752557
MLV19-15047,0.372829951811582
MLV19-15048,0.609941747738048
MLV19-15049,0.408187898108736
MLV19-15050,0.664629396283999
MLV19-15164,0.618585898075253
MLV19-15165,0.49530937592499
MLV19-15166,0.894531627651304
MLV19-15167,0.168584822909907
MLV19-15168,0.599669290939346
MLV19-15169,0.0651124448049814
MLV19-15170,0.141591824358329
MLV19-15171,0.745048258220777
MLV19-15172,0.441831514472142
MLV19-15173,0.324664679123089
MLV19-15051,0.361737808212638
MLV19-15052,0.421938230283558
MLV19-15053,0.311257754685357
MLV19-15055,0.949205921497196
MLV19-15056,0.336886510718614
MLV19-15057,0.604884144151583
MLV19-15058,0.0869547100737691
MLV19-15059,0.918295607203618
MLV19-15060,0.594255940522999
MLV19-15061,0.269017968559638
MLV19-15062,0.562649103114381
MLV19-15063,0.0629052459262311
MLV19-15064,0.715290498919785
MLV19-15065,0.893558450974524
MLV19-15066,0.0480478007812053
MLV19-15174,0.390696475515142
MLV19-15175,0.570713291410357
MLV19-15176,0.56460919836536
MLV19-15177,0.710301058832556
MLV19-15178,0.240148750599474
MLV19-15179,0.721307797823101
MLV19-15180,0.258129933150485
MLV19-15181,0.401738918153569
MLV19-15182,0.270810816669837
MLV19-15183,0.328801562776789
MLV19-15184,0.501194713404402
MLV19-15185,0.382866683648899
MLV19-15186,0.243914128281176
MLV19-15187,0.876736757345498
MLV19-15307,0.989179895492271
MLV19-15188,0.045086418511346
MLV19-15189,0.500119052827358
MLV19-15190,0.298166326712817
MLV19-15191,0.30563611863181
MLV19-15192,0.50330463424325
MLV19-15193,0.861007997067645
MLV19-15194,0.633544625481591
MLV19-15195,0.533650436671451
MLV19-15196,0.486563841113821
MLV19-15197,0.934840156696737
MLV19-15198,0.442185051040724
MLV19-15199,0.731428441824391
MLV19-15200,0.476877601351589
MLV19-15201,0.579402608098462
MLV19-15202,0.341493426356465
MLV19-15203,0.291791902855039
MLV19-15204,0.827400399371982
MLV19-15205,0.681565177161247
MLV19-15206,0.365822734544054
MLV19-15207,0.73539843573235
MLV19-15208,0.105310533661395
MLV19-15209,0.797943205805495
MLV19-15210,0.699323965236545
MLV19-15211,0.107688390649855
MLV19-15212,0.0218949306290597
MLV19-15213,0.186933679971844
MLV19-15214,0.122990581206977
MLV19-15215,0.620165103580803
MLV19-15216,0.018671432742849
MLV19-15217,0.702156344428658
MLV19-15218,0.437526340596378
MLV19-15219,0.647099904017523
MLV19-15220,0.121121295262128
MLV19-15221,0.792964465450495
MLV19-15222,0.685833953088149
MLV19-15223,0.579581486061215
MLV19-15224,0.679618067108095
MLV19-15225,0.11209243000485
MLV19-15226,0.560603849124163
MLV19-15227,0.769006794085726
MLV19-15228,0.138977259397507
MLV19-15229,0.860547533025965
MLV19-15230,0.987882952904329
MLV19-15231,0.273671195842326
MLV19-15232,0.610543644754216
MLV19-15233,0.773962484672666
MLV19-15234,0.259493967052549
MLV19-15235,0.281731109833345
MLV19-15236,0.799535979051143
MLV19-15237,0.817413246491924
MLV19-15238,0.202260515652597
MLV19-15239,0.971710681449622
MLV19-15240,0.846283898921683
MLV19-15241,0.471767902374268
MLV19-15242,0.219316571252421
MLV19-15243,0.250155217945576
MLV19-15302,0.248768938472494
